date,fiscal_year,refinery_id,refinery_name,operator,sector,crude_processed_tmt,capacity_utilization_pct
2014-04-01,FY 2014-15,REF01,IOCL Panipat,IOCL,PSU,1260.03,100.8
2014-04-01,FY 2014-15,REF02,IOCL Koyali (Gujarat),IOCL,PSU,1183.9,103.7
2014-04-01,FY 2014-15,REF03,IOCL Paradip,IOCL,PSU,1270.82,101.67
2014-04-01,FY 2014-15,REF04,IOCL Mathura,IOCL,PSU,686.47,102.97
2014-04-01,FY 2014-15,REF05,IOCL Haldia,IOCL,PSU,615.31,98.45
2014-04-01,FY 2014-15,REF06,IOCL Barauni,IOCL,PSU,494.38,98.88
2014-04-01,FY 2014-15,REF07,IOCL Bongaigaon,IOCL,PSU,192.8,98.45
2014-04-01,FY 2014-15,REF08,IOCL Guwahati,IOCL,PSU,88.13,105.76
2014-04-01,FY 2014-15,REF09,IOCL Digboi,IOCL,PSU,57.79,106.68
2014-04-01,FY 2014-15,REF10,BPCL Kochi,BPCL,PSU,1275.09,98.72
2014-04-01,FY 2014-15,REF11,BPCL Mumbai,BPCL,PSU,987.91,98.79
2014-04-01,FY 2014-15,REF12,HPCL Mumbai,HPCL,PSU,819.63,103.53
2014-04-01,FY 2014-15,REF13,HPCL Visakhapatnam,HPCL,PSU,982.58,107.19
2014-04-01,FY 2014-15,REF14,CPCL Manali (Chennai),CPCL (IOCL),PSU,946.61,108.18
2014-04-01,FY 2014-15,REF15,MRPL Mangalore,MRPL (ONGC),PSU,1231.86,98.55
2014-04-01,FY 2014-15,REF16,NRL Numaligarh,NRL (OIL),PSU,248.62,99.45
2014-04-01,FY 2014-15,REF17,HMEL Bathinda (GGSR),HMEL (HPCL-Mittal),JV,987.41,104.86
2014-04-01,FY 2014-15,REF18,BORL Bina,BPCL (BORL),PSU,665.2,102.34
2014-04-01,FY 2014-15,REF19,Reliance Jamnagar (DTA),Reliance Industries,Private,2955.4,107.47
2014-04-01,FY 2014-15,REF20,Reliance Jamnagar (SEZ Export),Reliance Industries,Private,3097.75,105.61
2014-04-01,FY 2014-15,REF21,Nayara Energy (Vadinar),Nayara Energy,Private,1798.34,107.9
2014-05-01,FY 2014-15,REF01,IOCL Panipat,IOCL,PSU,1352.23,108.18
2014-05-01,FY 2014-15,REF02,IOCL Koyali (Gujarat),IOCL,PSU,1129.45,98.93
2014-05-01,FY 2014-15,REF03,IOCL Paradip,IOCL,PSU,1273.69,101.9
2014-05-01,FY 2014-15,REF04,IOCL Mathura,IOCL,PSU,740.72,111.11
2014-05-01,FY 2014-15,REF05,IOCL Haldia,IOCL,PSU,617.98,98.88
2014-05-01,FY 2014-15,REF06,IOCL Barauni,IOCL,PSU,518.64,103.73
2014-05-01,FY 2014-15,REF07,IOCL Bongaigaon,IOCL,PSU,212.26,108.39
2014-05-01,FY 2014-15,REF08,IOCL Guwahati,IOCL,PSU,86.14,103.36
2014-05-01,FY 2014-15,REF09,IOCL Digboi,IOCL,PSU,57.11,105.43
2014-05-01,FY 2014-15,REF10,BPCL Kochi,BPCL,PSU,1346.97,104.28
2014-05-01,FY 2014-15,REF11,BPCL Mumbai,BPCL,PSU,1030.29,103.03
2014-05-01,FY 2014-15,REF12,HPCL Mumbai,HPCL,PSU,843.35,106.53
2014-05-01,FY 2014-15,REF13,HPCL Visakhapatnam,HPCL,PSU,949.62,103.59
2014-05-01,FY 2014-15,REF14,CPCL Manali (Chennai),CPCL (IOCL),PSU,877.9,100.33
2014-05-01,FY 2014-15,REF15,MRPL Mangalore,MRPL (ONGC),PSU,1269.84,101.59
2014-05-01,FY 2014-15,REF16,NRL Numaligarh,NRL (OIL),PSU,256.19,102.47
2014-05-01,FY 2014-15,REF17,HMEL Bathinda (GGSR),HMEL (HPCL-Mittal),JV,968.22,102.82
2014-05-01,FY 2014-15,REF18,BORL Bina,BPCL (BORL),PSU,661.47,101.76
2014-05-01,FY 2014-15,REF19,Reliance Jamnagar (DTA),Reliance Industries,Private,2973.83,108.14
2014-05-01,FY 2014-15,REF20,Reliance Jamnagar (SEZ Export),Reliance Industries,Private,3224.8,109.94
2014-05-01,FY 2014-15,REF21,Nayara Energy (Vadinar),Nayara Energy,Private,1908.16,114.49
2014-06-01,FY 2014-15,REF01,IOCL Panipat,IOCL,PSU,1274.97,102.0
2014-06-01,FY 2014-15,REF02,IOCL Koyali (Gujarat),IOCL,PSU,1225.12,107.31
2014-06-01,FY 2014-15,REF03,IOCL Paradip,IOCL,PSU,1292.89,103.43
2014-06-01,FY 2014-15,REF04,IOCL Mathura,IOCL,PSU,678.31,101.75
2014-06-01,FY 2014-15,REF05,IOCL Haldia,IOCL,PSU,620.09,99.21
2014-06-01,FY 2014-15,REF06,IOCL Barauni,IOCL,PSU,508.88,101.78
2014-06-01,FY 2014-15,REF07,IOCL Bongaigaon,IOCL,PSU,198.83,101.53
2014-06-01,FY 2014-15,REF08,IOCL Guwahati,IOCL,PSU,81.83,98.2
2014-06-01,FY 2014-15,REF09,IOCL Digboi,IOCL,PSU,53.5,98.76
2014-06-01,FY 2014-15,REF10,BPCL Kochi,BPCL,PSU,1324.07,102.51
2014-06-01,FY 2014-15,REF11,BPCL Mumbai,BPCL,PSU,1072.62,107.26
2014-06-01,FY 2014-15,REF12,HPCL Mumbai,HPCL,PSU,797.5,100.74
2014-06-01,FY 2014-15,REF13,HPCL Visakhapatnam,HPCL,PSU,872.74,95.21
2014-06-01,FY 2014-15,REF14,CPCL Manali (Chennai),CPCL (IOCL),PSU,806.79,92.2
2014-06-01,FY 2014-15,REF15,MRPL Mangalore,MRPL (ONGC),PSU,1211.44,96.92
2014-06-01,FY 2014-15,REF16,NRL Numaligarh,NRL (OIL),PSU,259.58,103.83
2014-06-01,FY 2014-15,REF17,HMEL Bathinda (GGSR),HMEL (HPCL-Mittal),JV,943.16,100.16
2014-06-01,FY 2014-15,REF18,BORL Bina,BPCL (BORL),PSU,679.18,104.49
2014-06-01,FY 2014-15,REF19,Reliance Jamnagar (DTA),Reliance Industries,Private,3023.64,109.95
2014-06-01,FY 2014-15,REF20,Reliance Jamnagar (SEZ Export),Reliance Industries,Private,3159.27,107.7
2014-06-01,FY 2014-15,REF21,Nayara Energy (Vadinar),Nayara Energy,Private,1723.72,103.42
2014-07-01,FY 2014-15,REF01,IOCL Panipat,IOCL,PSU,1227.9,98.23
2014-07-01,FY 2014-15,REF02,IOCL Koyali (Gujarat),IOCL,PSU,1142.07,100.04
2014-07-01,FY 2014-15,REF03,IOCL Paradip,IOCL,PSU,1280.1,102.41
2014-07-01,FY 2014-15,REF04,IOCL Mathura,IOCL,PSU,639.96,95.99
2014-07-01,FY 2014-15,REF05,IOCL Haldia,IOCL,PSU,667.34,106.78
2014-07-01,FY 2014-15,REF06,IOCL Barauni,IOCL,PSU,511.85,102.37
2014-07-01,FY 2014-15,REF07,IOCL Bongaigaon,IOCL,PSU,201.37,102.83
2014-07-01,FY 2014-15,REF08,IOCL Guwahati,IOCL,PSU,86.31,103.57
2014-07-01,FY 2014-15,REF09,IOCL Digboi,IOCL,PSU,57.59,106.32
2014-07-01,FY 2014-15,REF10,BPCL Kochi,BPCL,PSU,1314.74,101.79
2014-07-01,FY 2014-15,REF11,BPCL Mumbai,BPCL,PSU,1038.36,103.84
2014-07-01,FY 2014-15,REF12,HPCL Mumbai,HPCL,PSU,778.16,98.29
2014-07-01,FY 2014-15,REF13,HPCL Visakhapatnam,HPCL,PSU,991.87,108.2
2014-07-01,FY 2014-15,REF14,CPCL Manali (Chennai),CPCL (IOCL),PSU,888.23,101.51
2014-07-01,FY 2014-15,REF15,MRPL Mangalore,MRPL (ONGC),PSU,1228.45,98.28
2014-07-01,FY 2014-15,REF16,NRL Numaligarh,NRL (OIL),PSU,161.22,64.49
2014-07-01,FY 2014-15,REF17,HMEL Bathinda (GGSR),HMEL (HPCL-Mittal),JV,925.95,98.33
2014-07-01,FY 2014-15,REF18,BORL Bina,BPCL (BORL),PSU,644.74,99.19
2014-07-01,FY 2014-15,REF19,Reliance Jamnagar (DTA),Reliance Industries,Private,2770.03,100.73
2014-07-01,FY 2014-15,REF20,Reliance Jamnagar (SEZ Export),Reliance Industries,Private,3237.15,110.36
2014-07-01,FY 2014-15,REF21,Nayara Energy (Vadinar),Nayara Energy,Private,1821.27,109.28
2014-08-01,FY 2014-15,REF01,IOCL Panipat,IOCL,PSU,1214.15,97.13
2014-08-01,FY 2014-15,REF02,IOCL Koyali (Gujarat),IOCL,PSU,1150.9,100.81
2014-08-01,FY 2014-15,REF03,IOCL Paradip,IOCL,PSU,1262.32,100.99
2014-08-01,FY 2014-15,REF04,IOCL Mathura,IOCL,PSU,642.44,96.37
2014-08-01,FY 2014-15,REF05,IOCL Haldia,IOCL,PSU,625.73,100.12
2014-08-01,FY 2014-15,REF06,IOCL Barauni,IOCL,PSU,505.54,101.11
2014-08-01,FY 2014-15,REF07,IOCL Bongaigaon,IOCL,PSU,195.86,100.01
2014-08-01,FY 2014-15,REF08,IOCL Guwahati,IOCL,PSU,81.89,98.27
2014-08-01,FY 2014-15,REF09,IOCL Digboi,IOCL,PSU,52.54,96.99
2014-08-01,FY 2014-15,REF10,BPCL Kochi,BPCL,PSU,1290.06,99.88
2014-08-01,FY 2014-15,REF11,BPCL Mumbai,BPCL,PSU,987.15,98.72
2014-08-01,FY 2014-15,REF12,HPCL Mumbai,HPCL,PSU,817.72,103.29
2014-08-01,FY 2014-15,REF13,HPCL Visakhapatnam,HPCL,PSU,977.14,106.6
2014-08-01,FY 2014-15,REF14,CPCL Manali (Chennai),CPCL (IOCL),PSU,916.11,104.7
2014-08-01,FY 2014-15,REF15,MRPL Mangalore,MRPL (ONGC),PSU,1265.48,101.24
2014-08-01,FY 2014-15,REF16,NRL Numaligarh,NRL (OIL),PSU,246.03,98.41
2014-08-01,FY 2014-15,REF17,HMEL Bathinda (GGSR),HMEL (HPCL-Mittal),JV,1004.62,106.69
2014-08-01,FY 2014-15,REF18,BORL Bina,BPCL (BORL),PSU,673.01,103.54
2014-08-01,FY 2014-15,REF19,Reliance Jamnagar (DTA),Reliance Industries,Private,3078.69,111.95
2014-08-01,FY 2014-15,REF20,Reliance Jamnagar (SEZ Export),Reliance Industries,Private,3185.39,108.59
2014-08-01,FY 2014-15,REF21,Nayara Energy (Vadinar),Nayara Energy,Private,1886.8,113.21
2014-09-01,FY 2014-15,REF01,IOCL Panipat,IOCL,PSU,1272.4,101.79
2014-09-01,FY 2014-15,REF02,IOCL Koyali (Gujarat),IOCL,PSU,1123.34,98.39
2014-09-01,FY 2014-15,REF03,IOCL Paradip,IOCL,PSU,1238.31,99.06
2014-09-01,FY 2014-15,REF04,IOCL Mathura,IOCL,PSU,687.28,103.09
2014-09-01,FY 2014-15,REF05,IOCL Haldia,IOCL,PSU,616.91,98.71
2014-09-01,FY 2014-15,REF06,IOCL Barauni,IOCL,PSU,539.55,107.91
2014-09-01,FY 2014-15,REF07,IOCL Bongaigaon,IOCL,PSU,201.21,102.75
2014-09-01,FY 2014-15,REF08,IOCL Guwahati,IOCL,PSU,84.29,101.15
2014-09-01,FY 2014-15,REF09,IOCL Digboi,IOCL,PSU,54.97,101.48
2014-09-01,FY 2014-15,REF10,BPCL Kochi,BPCL,PSU,1291.29,99.97
2014-09-01,FY 2014-15,REF11,BPCL Mumbai,BPCL,PSU,943.26,94.33
2014-09-01,FY 2014-15,REF12,HPCL Mumbai,HPCL,PSU,784.28,99.07
2014-09-01,FY 2014-15,REF13,HPCL Visakhapatnam,HPCL,PSU,983.55,107.3
2014-09-01,FY 2014-15,REF14,CPCL Manali (Chennai),CPCL (IOCL),PSU,891.61,101.9
2014-09-01,FY 2014-15,REF15,MRPL Mangalore,MRPL (ONGC),PSU,1314.85,105.19
2014-09-01,FY 2014-15,REF16,NRL Numaligarh,NRL (OIL),PSU,263.29,105.31
2014-09-01,FY 2014-15,REF17,HMEL Bathinda (GGSR),HMEL (HPCL-Mittal),JV,978.25,103.88
2014-09-01,FY 2014-15,REF18,BORL Bina,BPCL (BORL),PSU,673.46,103.61
2014-09-01,FY 2014-15,REF19,Reliance Jamnagar (DTA),Reliance Industries,Private,2839.95,103.27
2014-09-01,FY 2014-15,REF20,Reliance Jamnagar (SEZ Export),Reliance Industries,Private,3297.94,112.43
2014-09-01,FY 2014-15,REF21,Nayara Energy (Vadinar),Nayara Energy,Private,1869.0,112.14
2014-10-01,FY 2014-15,REF01,IOCL Panipat,IOCL,PSU,1287.2,102.98
2014-10-01,FY 2014-15,REF02,IOCL Koyali (Gujarat),IOCL,PSU,1164.99,102.04
2014-10-01,FY 2014-15,REF03,IOCL Paradip,IOCL,PSU,1261.22,100.9
2014-10-01,FY 2014-15,REF04,IOCL Mathura,IOCL,PSU,704.61,105.69
2014-10-01,FY 2014-15,REF05,IOCL Haldia,IOCL,PSU,650.54,104.09
2014-10-01,FY 2014-15,REF06,IOCL Barauni,IOCL,PSU,448.03,89.61
2014-10-01,FY 2014-15,REF07,IOCL Bongaigaon,IOCL,PSU,194.95,99.55
2014-10-01,FY 2014-15,REF08,IOCL Guwahati,IOCL,PSU,80.43,96.52
2014-10-01,FY 2014-15,REF09,IOCL Digboi,IOCL,PSU,51.9,95.82
2014-10-01,FY 2014-15,REF10,BPCL Kochi,BPCL,PSU,1364.56,105.64
2014-10-01,FY 2014-15,REF11,BPCL Mumbai,BPCL,PSU,1008.12,100.81
2014-10-01,FY 2014-15,REF12,HPCL Mumbai,HPCL,PSU,814.69,102.91
2014-10-01,FY 2014-15,REF13,HPCL Visakhapatnam,HPCL,PSU,928.65,101.31
2014-10-01,FY 2014-15,REF14,CPCL Manali (Chennai),CPCL (IOCL),PSU,838.85,95.87
2014-10-01,FY 2014-15,REF15,MRPL Mangalore,MRPL (ONGC),PSU,1184.67,94.77
2014-10-01,FY 2014-15,REF16,NRL Numaligarh,NRL (OIL),PSU,248.22,99.29
2014-10-01,FY 2014-15,REF17,HMEL Bathinda (GGSR),HMEL (HPCL-Mittal),JV,969.48,102.95
2014-10-01,FY 2014-15,REF18,BORL Bina,BPCL (BORL),PSU,647.42,99.6
2014-10-01,FY 2014-15,REF19,Reliance Jamnagar (DTA),Reliance Industries,Private,2943.47,107.04
2014-10-01,FY 2014-15,REF20,Reliance Jamnagar (SEZ Export),Reliance Industries,Private,3350.75,114.23
2014-10-01,FY 2014-15,REF21,Nayara Energy (Vadinar),Nayara Energy,Private,1851.51,111.09
2014-11-01,FY 2014-15,REF01,IOCL Panipat,IOCL,PSU,1274.44,101.96
2014-11-01,FY 2014-15,REF02,IOCL Koyali (Gujarat),IOCL,PSU,1149.81,100.71
2014-11-01,FY 2014-15,REF03,IOCL Paradip,IOCL,PSU,1260.64,100.85
2014-11-01,FY 2014-15,REF04,IOCL Mathura,IOCL,PSU,692.87,103.93
2014-11-01,FY 2014-15,REF05,IOCL Haldia,IOCL,PSU,629.23,100.68
2014-11-01,FY 2014-15,REF06,IOCL Barauni,IOCL,PSU,523.33,104.67
2014-11-01,FY 2014-15,REF07,IOCL Bongaigaon,IOCL,PSU,200.51,102.39
2014-11-01,FY 2014-15,REF08,IOCL Guwahati,IOCL,PSU,91.13,109.35
2014-11-01,FY 2014-15,REF09,IOCL Digboi,IOCL,PSU,54.41,100.44
2014-11-01,FY 2014-15,REF10,BPCL Kochi,BPCL,PSU,1361.84,105.43
2014-11-01,FY 2014-15,REF11,BPCL Mumbai,BPCL,PSU,968.4,96.84
2014-11-01,FY 2014-15,REF12,HPCL Mumbai,HPCL,PSU,779.83,98.5
2014-11-01,FY 2014-15,REF13,HPCL Visakhapatnam,HPCL,PSU,996.01,108.66
2014-11-01,FY 2014-15,REF14,CPCL Manali (Chennai),CPCL (IOCL),PSU,914.2,104.48
2014-11-01,FY 2014-15,REF15,MRPL Mangalore,MRPL (ONGC),PSU,1287.28,102.98
2014-11-01,FY 2014-15,REF16,NRL Numaligarh,NRL (OIL),PSU,276.53,110.61
2014-11-01,FY 2014-15,REF17,HMEL Bathinda (GGSR),HMEL (HPCL-Mittal),JV,977.71,103.83
2014-11-01,FY 2014-15,REF18,BORL Bina,BPCL (BORL),PSU,685.24,105.42
2014-11-01,FY 2014-15,REF19,Reliance Jamnagar (DTA),Reliance Industries,Private,3067.93,111.56
2014-11-01,FY 2014-15,REF20,Reliance Jamnagar (SEZ Export),Reliance Industries,Private,3311.74,112.9
2014-11-01,FY 2014-15,REF21,Nayara Energy (Vadinar),Nayara Energy,Private,1742.68,104.56
2014-12-01,FY 2014-15,REF01,IOCL Panipat,IOCL,PSU,1259.29,100.74
2014-12-01,FY 2014-15,REF02,IOCL Koyali (Gujarat),IOCL,PSU,1168.1,102.32
2014-12-01,FY 2014-15,REF03,IOCL Paradip,IOCL,PSU,1343.19,107.45
2014-12-01,FY 2014-15,REF04,IOCL Mathura,IOCL,PSU,685.43,102.81
2014-12-01,FY 2014-15,REF05,IOCL Haldia,IOCL,PSU,660.99,105.76
2014-12-01,FY 2014-15,REF06,IOCL Barauni,IOCL,PSU,480.45,96.09
2014-12-01,FY 2014-15,REF07,IOCL Bongaigaon,IOCL,PSU,195.46,99.81
2014-12-01,FY 2014-15,REF08,IOCL Guwahati,IOCL,PSU,88.75,106.5
2014-12-01,FY 2014-15,REF09,IOCL Digboi,IOCL,PSU,54.33,100.31
2014-12-01,FY 2014-15,REF10,BPCL Kochi,BPCL,PSU,1305.39,101.06
2014-12-01,FY 2014-15,REF11,BPCL Mumbai,BPCL,PSU,1073.78,107.38
2014-12-01,FY 2014-15,REF12,HPCL Mumbai,HPCL,PSU,772.76,97.61
2014-12-01,FY 2014-15,REF13,HPCL Visakhapatnam,HPCL,PSU,902.4,98.44
2014-12-01,FY 2014-15,REF14,CPCL Manali (Chennai),CPCL (IOCL),PSU,837.44,95.71
2014-12-01,FY 2014-15,REF15,MRPL Mangalore,MRPL (ONGC),PSU,1344.6,107.57
2014-12-01,FY 2014-15,REF16,NRL Numaligarh,NRL (OIL),PSU,262.6,105.04
2014-12-01,FY 2014-15,REF17,HMEL Bathinda (GGSR),HMEL (HPCL-Mittal),JV,1007.07,106.95
2014-12-01,FY 2014-15,REF18,BORL Bina,BPCL (BORL),PSU,648.05,99.7
2014-12-01,FY 2014-15,REF19,Reliance Jamnagar (DTA),Reliance Industries,Private,2855.36,103.83
2014-12-01,FY 2014-15,REF20,Reliance Jamnagar (SEZ Export),Reliance Industries,Private,3023.2,103.06
2014-12-01,FY 2014-15,REF21,Nayara Energy (Vadinar),Nayara Energy,Private,1869.21,112.15
2015-01-01,FY 2014-15,REF01,IOCL Panipat,IOCL,PSU,1290.7,103.26
2015-01-01,FY 2014-15,REF02,IOCL Koyali (Gujarat),IOCL,PSU,1187.74,104.04
2015-01-01,FY 2014-15,REF03,IOCL Paradip,IOCL,PSU,1276.56,102.12
2015-01-01,FY 2014-15,REF04,IOCL Mathura,IOCL,PSU,653.23,97.98
2015-01-01,FY 2014-15,REF05,IOCL Haldia,IOCL,PSU,624.23,99.88
2015-01-01,FY 2014-15,REF06,IOCL Barauni,IOCL,PSU,485.23,97.05
2015-01-01,FY 2014-15,REF07,IOCL Bongaigaon,IOCL,PSU,189.15,96.59
2015-01-01,FY 2014-15,REF08,IOCL Guwahati,IOCL,PSU,87.23,104.67
2015-01-01,FY 2014-15,REF09,IOCL Digboi,IOCL,PSU,51.31,94.72
2015-01-01,FY 2014-15,REF10,BPCL Kochi,BPCL,PSU,1253.82,97.07
2015-01-01,FY 2014-15,REF11,BPCL Mumbai,BPCL,PSU,1001.01,100.1
2015-01-01,FY 2014-15,REF12,HPCL Mumbai,HPCL,PSU,802.92,101.42
2015-01-01,FY 2014-15,REF13,HPCL Visakhapatnam,HPCL,PSU,876.92,95.66
2015-01-01,FY 2014-15,REF14,CPCL Manali (Chennai),CPCL (IOCL),PSU,828.0,94.63
2015-01-01,FY 2014-15,REF15,MRPL Mangalore,MRPL (ONGC),PSU,1284.52,102.76
2015-01-01,FY 2014-15,REF16,NRL Numaligarh,NRL (OIL),PSU,254.74,101.9
2015-01-01,FY 2014-15,REF17,HMEL Bathinda (GGSR),HMEL (HPCL-Mittal),JV,1017.87,108.09
2015-01-01,FY 2014-15,REF18,BORL Bina,BPCL (BORL),PSU,659.68,101.49
2015-01-01,FY 2014-15,REF19,Reliance Jamnagar (DTA),Reliance Industries,Private,3014.82,109.63
2015-01-01,FY 2014-15,REF20,Reliance Jamnagar (SEZ Export),Reliance Industries,Private,3106.22,105.89
2015-01-01,FY 2014-15,REF21,Nayara Energy (Vadinar),Nayara Energy,Private,1766.85,106.01
2015-02-01,FY 2014-15,REF01,IOCL Panipat,IOCL,PSU,1200.31,96.02
2015-02-01,FY 2014-15,REF02,IOCL Koyali (Gujarat),IOCL,PSU,1121.44,98.23
2015-02-01,FY 2014-15,REF03,IOCL Paradip,IOCL,PSU,1247.75,99.82
2015-02-01,FY 2014-15,REF04,IOCL Mathura,IOCL,PSU,706.61,105.99
2015-02-01,FY 2014-15,REF05,IOCL Haldia,IOCL,PSU,610.37,97.66
2015-02-01,FY 2014-15,REF06,IOCL Barauni,IOCL,PSU,547.9,109.58
2015-02-01,FY 2014-15,REF07,IOCL Bongaigaon,IOCL,PSU,202.76,103.54
2015-02-01,FY 2014-15,REF08,IOCL Guwahati,IOCL,PSU,85.55,102.66
2015-02-01,FY 2014-15,REF09,IOCL Digboi,IOCL,PSU,54.8,101.18
2015-02-01,FY 2014-15,REF10,BPCL Kochi,BPCL,PSU,1296.99,100.41
2015-02-01,FY 2014-15,REF11,BPCL Mumbai,BPCL,PSU,987.7,98.77
2015-02-01,FY 2014-15,REF12,HPCL Mumbai,HPCL,PSU,756.21,95.52
2015-02-01,FY 2014-15,REF13,HPCL Visakhapatnam,HPCL,PSU,896.37,97.79
2015-02-01,FY 2014-15,REF14,CPCL Manali (Chennai),CPCL (IOCL),PSU,941.12,107.56
2015-02-01,FY 2014-15,REF15,MRPL Mangalore,MRPL (ONGC),PSU,1290.95,103.28
2015-02-01,FY 2014-15,REF16,NRL Numaligarh,NRL (OIL),PSU,268.78,107.51
2015-02-01,FY 2014-15,REF17,HMEL Bathinda (GGSR),HMEL (HPCL-Mittal),JV,962.9,102.25
2015-02-01,FY 2014-15,REF18,BORL Bina,BPCL (BORL),PSU,630.12,96.94
2015-02-01,FY 2014-15,REF19,Reliance Jamnagar (DTA),Reliance Industries,Private,2972.81,108.1
2015-02-01,FY 2014-15,REF20,Reliance Jamnagar (SEZ Export),Reliance Industries,Private,3100.24,105.69
2015-02-01,FY 2014-15,REF21,Nayara Energy (Vadinar),Nayara Energy,Private,1811.69,108.7
2015-03-01,FY 2014-15,REF01,IOCL Panipat,IOCL,PSU,1184.71,94.78
2015-03-01,FY 2014-15,REF02,IOCL Koyali (Gujarat),IOCL,PSU,1062.04,93.03
2015-03-01,FY 2014-15,REF03,IOCL Paradip,IOCL,PSU,1281.2,102.5
2015-03-01,FY 2014-15,REF04,IOCL Mathura,IOCL,PSU,717.94,107.69
2015-03-01,FY 2014-15,REF05,IOCL Haldia,IOCL,PSU,641.73,102.68
2015-03-01,FY 2014-15,REF06,IOCL Barauni,IOCL,PSU,516.17,103.23
2015-03-01,FY 2014-15,REF07,IOCL Bongaigaon,IOCL,PSU,198.39,101.3
2015-03-01,FY 2014-15,REF08,IOCL Guwahati,IOCL,PSU,84.73,101.68
2015-03-01,FY 2014-15,REF09,IOCL Digboi,IOCL,PSU,51.65,95.35
2015-03-01,FY 2014-15,REF10,BPCL Kochi,BPCL,PSU,1266.58,98.06
2015-03-01,FY 2014-15,REF11,BPCL Mumbai,BPCL,PSU,1059.44,105.94
2015-03-01,FY 2014-15,REF12,HPCL Mumbai,HPCL,PSU,764.99,96.63
2015-03-01,FY 2014-15,REF13,HPCL Visakhapatnam,HPCL,PSU,914.23,99.73
2015-03-01,FY 2014-15,REF14,CPCL Manali (Chennai),CPCL (IOCL),PSU,926.21,105.85
2015-03-01,FY 2014-15,REF15,MRPL Mangalore,MRPL (ONGC),PSU,1269.59,101.57
2015-03-01,FY 2014-15,REF16,NRL Numaligarh,NRL (OIL),PSU,254.42,101.77
2015-03-01,FY 2014-15,REF17,HMEL Bathinda (GGSR),HMEL (HPCL-Mittal),JV,970.6,103.07
2015-03-01,FY 2014-15,REF18,BORL Bina,BPCL (BORL),PSU,674.91,103.83
2015-03-01,FY 2014-15,REF19,Reliance Jamnagar (DTA),Reliance Industries,Private,3048.93,110.87
2015-03-01,FY 2014-15,REF20,Reliance Jamnagar (SEZ Export),Reliance Industries,Private,3098.83,105.64
2015-03-01,FY 2014-15,REF21,Nayara Energy (Vadinar),Nayara Energy,Private,1733.44,104.01
2015-04-01,FY 2015-16,REF01,IOCL Panipat,IOCL,PSU,1170.69,93.66
2015-04-01,FY 2015-16,REF02,IOCL Koyali (Gujarat),IOCL,PSU,1176.28,103.03
2015-04-01,FY 2015-16,REF03,IOCL Paradip,IOCL,PSU,1281.93,102.55
2015-04-01,FY 2015-16,REF04,IOCL Mathura,IOCL,PSU,739.81,110.97
2015-04-01,FY 2015-16,REF05,IOCL Haldia,IOCL,PSU,633.3,101.33
2015-04-01,FY 2015-16,REF06,IOCL Barauni,IOCL,PSU,503.02,100.6
2015-04-01,FY 2015-16,REF07,IOCL Bongaigaon,IOCL,PSU,199.89,102.07
2015-04-01,FY 2015-16,REF08,IOCL Guwahati,IOCL,PSU,85.24,102.29
2015-04-01,FY 2015-16,REF09,IOCL Digboi,IOCL,PSU,54.33,100.3
2015-04-01,FY 2015-16,REF10,BPCL Kochi,BPCL,PSU,1265.54,97.98
2015-04-01,FY 2015-16,REF11,BPCL Mumbai,BPCL,PSU,1011.13,101.11
2015-04-01,FY 2015-16,REF12,HPCL Mumbai,HPCL,PSU,799.29,100.96
2015-04-01,FY 2015-16,REF13,HPCL Visakhapatnam,HPCL,PSU,924.92,100.9
2015-04-01,FY 2015-16,REF14,CPCL Manali (Chennai),CPCL (IOCL),PSU,912.37,104.27
2015-04-01,FY 2015-16,REF15,MRPL Mangalore,MRPL (ONGC),PSU,1263.02,101.04
2015-04-01,FY 2015-16,REF16,NRL Numaligarh,NRL (OIL),PSU,239.38,95.75
2015-04-01,FY 2015-16,REF17,HMEL Bathinda (GGSR),HMEL (HPCL-Mittal),JV,962.11,102.17
2015-04-01,FY 2015-16,REF18,BORL Bina,BPCL (BORL),PSU,651.64,100.25
2015-04-01,FY 2015-16,REF19,Reliance Jamnagar (DTA),Reliance Industries,Private,2974.67,108.17
2015-04-01,FY 2015-16,REF20,Reliance Jamnagar (SEZ Export),Reliance Industries,Private,3214.61,109.59
2015-04-01,FY 2015-16,REF21,Nayara Energy (Vadinar),Nayara Energy,Private,1803.22,108.19
2015-05-01,FY 2015-16,REF01,IOCL Panipat,IOCL,PSU,1163.73,93.1
2015-05-01,FY 2015-16,REF02,IOCL Koyali (Gujarat),IOCL,PSU,1097.84,96.16
2015-05-01,FY 2015-16,REF03,IOCL Paradip,IOCL,PSU,1292.5,103.4
2015-05-01,FY 2015-16,REF04,IOCL Mathura,IOCL,PSU,667.64,100.15
2015-05-01,FY 2015-16,REF05,IOCL Haldia,IOCL,PSU,668.52,106.96
2015-05-01,FY 2015-16,REF06,IOCL Barauni,IOCL,PSU,507.97,101.59
2015-05-01,FY 2015-16,REF07,IOCL Bongaigaon,IOCL,PSU,195.15,99.65
2015-05-01,FY 2015-16,REF08,IOCL Guwahati,IOCL,PSU,82.12,98.55
2015-05-01,FY 2015-16,REF09,IOCL Digboi,IOCL,PSU,54.05,99.79
2015-05-01,FY 2015-16,REF10,BPCL Kochi,BPCL,PSU,1312.88,101.64
2015-05-01,FY 2015-16,REF11,BPCL Mumbai,BPCL,PSU,1010.12,101.01
2015-05-01,FY 2015-16,REF12,HPCL Mumbai,HPCL,PSU,829.65,104.8
2015-05-01,FY 2015-16,REF13,HPCL Visakhapatnam,HPCL,PSU,871.39,95.06
2015-05-01,FY 2015-16,REF14,CPCL Manali (Chennai),CPCL (IOCL),PSU,835.91,95.53
2015-05-01,FY 2015-16,REF15,MRPL Mangalore,MRPL (ONGC),PSU,1251.26,100.1
2015-05-01,FY 2015-16,REF16,NRL Numaligarh,NRL (OIL),PSU,257.91,103.17
2015-05-01,FY 2015-16,REF17,HMEL Bathinda (GGSR),HMEL (HPCL-Mittal),JV,650.51,69.08
2015-05-01,FY 2015-16,REF18,BORL Bina,BPCL (BORL),PSU,416.98,64.15
2015-05-01,FY 2015-16,REF19,Reliance Jamnagar (DTA),Reliance Industries,Private,2756.24,100.23
2015-05-01,FY 2015-16,REF20,Reliance Jamnagar (SEZ Export),Reliance Industries,Private,3119.93,106.36
2015-05-01,FY 2015-16,REF21,Nayara Energy (Vadinar),Nayara Energy,Private,1819.59,109.18
2015-06-01,FY 2015-16,REF01,IOCL Panipat,IOCL,PSU,1261.73,100.94
2015-06-01,FY 2015-16,REF02,IOCL Koyali (Gujarat),IOCL,PSU,1179.54,103.32
2015-06-01,FY 2015-16,REF03,IOCL Paradip,IOCL,PSU,1322.33,105.79
2015-06-01,FY 2015-16,REF04,IOCL Mathura,IOCL,PSU,669.11,100.37
2015-06-01,FY 2015-16,REF05,IOCL Haldia,IOCL,PSU,620.17,99.23
2015-06-01,FY 2015-16,REF06,IOCL Barauni,IOCL,PSU,487.3,97.46
2015-06-01,FY 2015-16,REF07,IOCL Bongaigaon,IOCL,PSU,187.05,95.51
2015-06-01,FY 2015-16,REF08,IOCL Guwahati,IOCL,PSU,78.79,94.55
2015-06-01,FY 2015-16,REF09,IOCL Digboi,IOCL,PSU,53.26,98.32
2015-06-01,FY 2015-16,REF10,BPCL Kochi,BPCL,PSU,1358.31,105.16
2015-06-01,FY 2015-16,REF11,BPCL Mumbai,BPCL,PSU,1037.12,103.71
2015-06-01,FY 2015-16,REF12,HPCL Mumbai,HPCL,PSU,784.13,99.05
2015-06-01,FY 2015-16,REF13,HPCL Visakhapatnam,HPCL,PSU,1004.93,109.63
2015-06-01,FY 2015-16,REF14,CPCL Manali (Chennai),CPCL (IOCL),PSU,862.55,98.58
2015-06-01,FY 2015-16,REF15,MRPL Mangalore,MRPL (ONGC),PSU,1327.59,106.21
2015-06-01,FY 2015-16,REF16,NRL Numaligarh,NRL (OIL),PSU,268.12,107.25
2015-06-01,FY 2015-16,REF17,HMEL Bathinda (GGSR),HMEL (HPCL-Mittal),JV,992.33,105.38
2015-06-01,FY 2015-16,REF18,BORL Bina,BPCL (BORL),PSU,638.88,98.29
2015-06-01,FY 2015-16,REF19,Reliance Jamnagar (DTA),Reliance Industries,Private,2939.86,106.9
2015-06-01,FY 2015-16,REF20,Reliance Jamnagar (SEZ Export),Reliance Industries,Private,2069.76,70.56
2015-06-01,FY 2015-16,REF21,Nayara Energy (Vadinar),Nayara Energy,Private,1732.64,103.96
2015-07-01,FY 2015-16,REF01,IOCL Panipat,IOCL,PSU,1213.92,97.11
2015-07-01,FY 2015-16,REF02,IOCL Koyali (Gujarat),IOCL,PSU,1105.27,96.81
2015-07-01,FY 2015-16,REF03,IOCL Paradip,IOCL,PSU,1289.33,103.15
2015-07-01,FY 2015-16,REF04,IOCL Mathura,IOCL,PSU,704.95,105.74
2015-07-01,FY 2015-16,REF05,IOCL Haldia,IOCL,PSU,649.22,103.88
2015-07-01,FY 2015-16,REF06,IOCL Barauni,IOCL,PSU,524.92,104.98
2015-07-01,FY 2015-16,REF07,IOCL Bongaigaon,IOCL,PSU,191.86,97.97
2015-07-01,FY 2015-16,REF08,IOCL Guwahati,IOCL,PSU,83.09,99.71
2015-07-01,FY 2015-16,REF09,IOCL Digboi,IOCL,PSU,54.16,100.0
2015-07-01,FY 2015-16,REF10,BPCL Kochi,BPCL,PSU,1328.14,102.82
2015-07-01,FY 2015-16,REF11,BPCL Mumbai,BPCL,PSU,1096.6,109.66
2015-07-01,FY 2015-16,REF12,HPCL Mumbai,HPCL,PSU,779.21,98.43
2015-07-01,FY 2015-16,REF13,HPCL Visakhapatnam,HPCL,PSU,959.85,104.71
2015-07-01,FY 2015-16,REF14,CPCL Manali (Chennai),CPCL (IOCL),PSU,937.25,107.11
2015-07-01,FY 2015-16,REF15,MRPL Mangalore,MRPL (ONGC),PSU,1287.89,103.03
2015-07-01,FY 2015-16,REF16,NRL Numaligarh,NRL (OIL),PSU,248.85,99.54
2015-07-01,FY 2015-16,REF17,HMEL Bathinda (GGSR),HMEL (HPCL-Mittal),JV,955.63,101.48
2015-07-01,FY 2015-16,REF18,BORL Bina,BPCL (BORL),PSU,629.33,96.82
2015-07-01,FY 2015-16,REF19,Reliance Jamnagar (DTA),Reliance Industries,Private,2807.78,102.1
2015-07-01,FY 2015-16,REF20,Reliance Jamnagar (SEZ Export),Reliance Industries,Private,3148.53,107.34
2015-07-01,FY 2015-16,REF21,Nayara Energy (Vadinar),Nayara Energy,Private,1786.16,107.17
2015-08-01,FY 2015-16,REF01,IOCL Panipat,IOCL,PSU,1305.52,104.44
2015-08-01,FY 2015-16,REF02,IOCL Koyali (Gujarat),IOCL,PSU,1126.46,98.67
2015-08-01,FY 2015-16,REF03,IOCL Paradip,IOCL,PSU,1254.14,100.33
2015-08-01,FY 2015-16,REF04,IOCL Mathura,IOCL,PSU,680.87,102.13
2015-08-01,FY 2015-16,REF05,IOCL Haldia,IOCL,PSU,643.52,102.96
2015-08-01,FY 2015-16,REF06,IOCL Barauni,IOCL,PSU,519.7,103.94
2015-08-01,FY 2015-16,REF07,IOCL Bongaigaon,IOCL,PSU,199.21,101.72
2015-08-01,FY 2015-16,REF08,IOCL Guwahati,IOCL,PSU,79.84,95.81
2015-08-01,FY 2015-16,REF09,IOCL Digboi,IOCL,PSU,55.57,102.6
2015-08-01,FY 2015-16,REF10,BPCL Kochi,BPCL,PSU,1270.93,98.39
2015-08-01,FY 2015-16,REF11,BPCL Mumbai,BPCL,PSU,1059.53,105.95
2015-08-01,FY 2015-16,REF12,HPCL Mumbai,HPCL,PSU,800.26,101.09
2015-08-01,FY 2015-16,REF13,HPCL Visakhapatnam,HPCL,PSU,934.66,101.96
2015-08-01,FY 2015-16,REF14,CPCL Manali (Chennai),CPCL (IOCL),PSU,974.81,111.41
2015-08-01,FY 2015-16,REF15,MRPL Mangalore,MRPL (ONGC),PSU,1300.17,104.01
2015-08-01,FY 2015-16,REF16,NRL Numaligarh,NRL (OIL),PSU,256.31,102.52
2015-08-01,FY 2015-16,REF17,HMEL Bathinda (GGSR),HMEL (HPCL-Mittal),JV,634.02,67.33
2015-08-01,FY 2015-16,REF18,BORL Bina,BPCL (BORL),PSU,624.67,96.1
2015-08-01,FY 2015-16,REF19,Reliance Jamnagar (DTA),Reliance Industries,Private,2952.76,107.37
2015-08-01,FY 2015-16,REF20,Reliance Jamnagar (SEZ Export),Reliance Industries,Private,3093.15,105.45
2015-08-01,FY 2015-16,REF21,Nayara Energy (Vadinar),Nayara Energy,Private,1883.5,113.01
2015-09-01,FY 2015-16,REF01,IOCL Panipat,IOCL,PSU,1282.23,102.58
2015-09-01,FY 2015-16,REF02,IOCL Koyali (Gujarat),IOCL,PSU,1207.73,105.79
2015-09-01,FY 2015-16,REF03,IOCL Paradip,IOCL,PSU,800.81,64.06
2015-09-01,FY 2015-16,REF04,IOCL Mathura,IOCL,PSU,652.4,97.86
2015-09-01,FY 2015-16,REF05,IOCL Haldia,IOCL,PSU,647.46,103.59
2015-09-01,FY 2015-16,REF06,IOCL Barauni,IOCL,PSU,487.25,97.45
2015-09-01,FY 2015-16,REF07,IOCL Bongaigaon,IOCL,PSU,194.36,99.25
2015-09-01,FY 2015-16,REF08,IOCL Guwahati,IOCL,PSU,89.92,107.91
2015-09-01,FY 2015-16,REF09,IOCL Digboi,IOCL,PSU,53.84,99.4
2015-09-01,FY 2015-16,REF10,BPCL Kochi,BPCL,PSU,1231.3,95.33
2015-09-01,FY 2015-16,REF11,BPCL Mumbai,BPCL,PSU,610.72,61.07
2015-09-01,FY 2015-16,REF12,HPCL Mumbai,HPCL,PSU,751.27,94.9
2015-09-01,FY 2015-16,REF13,HPCL Visakhapatnam,HPCL,PSU,972.13,106.05
2015-09-01,FY 2015-16,REF14,CPCL Manali (Chennai),CPCL (IOCL),PSU,864.43,98.79
2015-09-01,FY 2015-16,REF15,MRPL Mangalore,MRPL (ONGC),PSU,1390.41,111.23
2015-09-01,FY 2015-16,REF16,NRL Numaligarh,NRL (OIL),PSU,267.92,107.17
2015-09-01,FY 2015-16,REF17,HMEL Bathinda (GGSR),HMEL (HPCL-Mittal),JV,1036.01,110.02
2015-09-01,FY 2015-16,REF18,BORL Bina,BPCL (BORL),PSU,683.13,105.1
2015-09-01,FY 2015-16,REF19,Reliance Jamnagar (DTA),Reliance Industries,Private,3018.88,109.78
2015-09-01,FY 2015-16,REF20,Reliance Jamnagar (SEZ Export),Reliance Industries,Private,3096.0,105.55
2015-09-01,FY 2015-16,REF21,Nayara Energy (Vadinar),Nayara Energy,Private,1799.83,107.99
2015-10-01,FY 2015-16,REF01,IOCL Panipat,IOCL,PSU,1297.32,103.79
2015-10-01,FY 2015-16,REF02,IOCL Koyali (Gujarat),IOCL,PSU,1196.71,104.82
2015-10-01,FY 2015-16,REF03,IOCL Paradip,IOCL,PSU,1205.42,96.43
2015-10-01,FY 2015-16,REF04,IOCL Mathura,IOCL,PSU,668.17,100.23
2015-10-01,FY 2015-16,REF05,IOCL Haldia,IOCL,PSU,629.18,100.67
2015-10-01,FY 2015-16,REF06,IOCL Barauni,IOCL,PSU,502.57,100.51
2015-10-01,FY 2015-16,REF07,IOCL Bongaigaon,IOCL,PSU,189.77,96.9
2015-10-01,FY 2015-16,REF08,IOCL Guwahati,IOCL,PSU,90.35,108.42
2015-10-01,FY 2015-16,REF09,IOCL Digboi,IOCL,PSU,54.22,100.09
2015-10-01,FY 2015-16,REF10,BPCL Kochi,BPCL,PSU,1255.01,97.16
2015-10-01,FY 2015-16,REF11,BPCL Mumbai,BPCL,PSU,1085.38,108.54
2015-10-01,FY 2015-16,REF12,HPCL Mumbai,HPCL,PSU,848.45,107.17
2015-10-01,FY 2015-16,REF13,HPCL Visakhapatnam,HPCL,PSU,931.0,101.56
2015-10-01,FY 2015-16,REF14,CPCL Manali (Chennai),CPCL (IOCL),PSU,821.85,93.93
2015-10-01,FY 2015-16,REF15,MRPL Mangalore,MRPL (ONGC),PSU,1239.2,99.14
2015-10-01,FY 2015-16,REF16,NRL Numaligarh,NRL (OIL),PSU,236.55,94.62
2015-10-01,FY 2015-16,REF17,HMEL Bathinda (GGSR),HMEL (HPCL-Mittal),JV,993.84,105.54
2015-10-01,FY 2015-16,REF18,BORL Bina,BPCL (BORL),PSU,642.65,98.87
2015-10-01,FY 2015-16,REF19,Reliance Jamnagar (DTA),Reliance Industries,Private,2967.73,107.92
2015-10-01,FY 2015-16,REF20,Reliance Jamnagar (SEZ Export),Reliance Industries,Private,3323.96,113.32
2015-10-01,FY 2015-16,REF21,Nayara Energy (Vadinar),Nayara Energy,Private,1769.89,106.19
2015-11-01,FY 2015-16,REF01,IOCL Panipat,IOCL,PSU,1285.94,102.88
2015-11-01,FY 2015-16,REF02,IOCL Koyali (Gujarat),IOCL,PSU,1188.07,104.06
2015-11-01,FY 2015-16,REF03,IOCL Paradip,IOCL,PSU,1323.85,105.91
2015-11-01,FY 2015-16,REF04,IOCL Mathura,IOCL,PSU,670.66,100.6
2015-11-01,FY 2015-16,REF05,IOCL Haldia,IOCL,PSU,626.16,100.19
2015-11-01,FY 2015-16,REF06,IOCL Barauni,IOCL,PSU,500.47,100.09
2015-11-01,FY 2015-16,REF07,IOCL Bongaigaon,IOCL,PSU,200.67,102.47
2015-11-01,FY 2015-16,REF08,IOCL Guwahati,IOCL,PSU,89.14,106.97
2015-11-01,FY 2015-16,REF09,IOCL Digboi,IOCL,PSU,54.12,99.92
2015-11-01,FY 2015-16,REF10,BPCL Kochi,BPCL,PSU,1179.33,91.3
2015-11-01,FY 2015-16,REF11,BPCL Mumbai,BPCL,PSU,1045.36,104.54
2015-11-01,FY 2015-16,REF12,HPCL Mumbai,HPCL,PSU,801.7,101.27
2015-11-01,FY 2015-16,REF13,HPCL Visakhapatnam,HPCL,PSU,944.75,103.06
2015-11-01,FY 2015-16,REF14,CPCL Manali (Chennai),CPCL (IOCL),PSU,829.06,94.75
2015-11-01,FY 2015-16,REF15,MRPL Mangalore,MRPL (ONGC),PSU,1236.05,98.88
2015-11-01,FY 2015-16,REF16,NRL Numaligarh,NRL (OIL),PSU,260.44,104.18
2015-11-01,FY 2015-16,REF17,HMEL Bathinda (GGSR),HMEL (HPCL-Mittal),JV,943.9,100.24
2015-11-01,FY 2015-16,REF18,BORL Bina,BPCL (BORL),PSU,668.63,102.87
2015-11-01,FY 2015-16,REF19,Reliance Jamnagar (DTA),Reliance Industries,Private,2967.06,107.89
2015-11-01,FY 2015-16,REF20,Reliance Jamnagar (SEZ Export),Reliance Industries,Private,3103.36,105.8
2015-11-01,FY 2015-16,REF21,Nayara Energy (Vadinar),Nayara Energy,Private,1759.49,105.57
2015-12-01,FY 2015-16,REF01,IOCL Panipat,IOCL,PSU,1211.71,96.94
2015-12-01,FY 2015-16,REF02,IOCL Koyali (Gujarat),IOCL,PSU,1155.9,101.25
2015-12-01,FY 2015-16,REF03,IOCL Paradip,IOCL,PSU,1271.32,101.71
2015-12-01,FY 2015-16,REF04,IOCL Mathura,IOCL,PSU,663.55,99.53
2015-12-01,FY 2015-16,REF05,IOCL Haldia,IOCL,PSU,604.45,96.71
2015-12-01,FY 2015-16,REF06,IOCL Barauni,IOCL,PSU,446.57,89.31
2015-12-01,FY 2015-16,REF07,IOCL Bongaigaon,IOCL,PSU,201.21,102.75
2015-12-01,FY 2015-16,REF08,IOCL Guwahati,IOCL,PSU,87.18,104.62
2015-12-01,FY 2015-16,REF09,IOCL Digboi,IOCL,PSU,56.05,103.48
2015-12-01,FY 2015-16,REF10,BPCL Kochi,BPCL,PSU,1410.89,109.23
2015-12-01,FY 2015-16,REF11,BPCL Mumbai,BPCL,PSU,1002.68,100.27
2015-12-01,FY 2015-16,REF12,HPCL Mumbai,HPCL,PSU,843.12,106.5
2015-12-01,FY 2015-16,REF13,HPCL Visakhapatnam,HPCL,PSU,902.15,98.42
2015-12-01,FY 2015-16,REF14,CPCL Manali (Chennai),CPCL (IOCL),PSU,855.78,97.8
2015-12-01,FY 2015-16,REF15,MRPL Mangalore,MRPL (ONGC),PSU,1268.63,101.49
2015-12-01,FY 2015-16,REF16,NRL Numaligarh,NRL (OIL),PSU,268.75,107.5
2015-12-01,FY 2015-16,REF17,HMEL Bathinda (GGSR),HMEL (HPCL-Mittal),JV,971.09,103.12
2015-12-01,FY 2015-16,REF18,BORL Bina,BPCL (BORL),PSU,615.86,94.75
2015-12-01,FY 2015-16,REF19,Reliance Jamnagar (DTA),Reliance Industries,Private,3042.86,110.65
2015-12-01,FY 2015-16,REF20,Reliance Jamnagar (SEZ Export),Reliance Industries,Private,3161.15,107.77
2015-12-01,FY 2015-16,REF21,Nayara Energy (Vadinar),Nayara Energy,Private,1814.94,108.9
2016-01-01,FY 2015-16,REF01,IOCL Panipat,IOCL,PSU,1224.91,97.99
2016-01-01,FY 2015-16,REF02,IOCL Koyali (Gujarat),IOCL,PSU,1158.26,101.45
2016-01-01,FY 2015-16,REF03,IOCL Paradip,IOCL,PSU,1190.59,95.25
2016-01-01,FY 2015-16,REF04,IOCL Mathura,IOCL,PSU,723.29,108.49
2016-01-01,FY 2015-16,REF05,IOCL Haldia,IOCL,PSU,658.25,105.32
2016-01-01,FY 2015-16,REF06,IOCL Barauni,IOCL,PSU,506.36,101.27
2016-01-01,FY 2015-16,REF07,IOCL Bongaigaon,IOCL,PSU,204.47,104.41
2016-01-01,FY 2015-16,REF08,IOCL Guwahati,IOCL,PSU,82.02,98.43
2016-01-01,FY 2015-16,REF09,IOCL Digboi,IOCL,PSU,56.94,105.12
2016-01-01,FY 2015-16,REF10,BPCL Kochi,BPCL,PSU,1287.29,99.66
2016-01-01,FY 2015-16,REF11,BPCL Mumbai,BPCL,PSU,993.85,99.39
2016-01-01,FY 2015-16,REF12,HPCL Mumbai,HPCL,PSU,769.34,97.18
2016-01-01,FY 2015-16,REF13,HPCL Visakhapatnam,HPCL,PSU,941.37,102.69
2016-01-01,FY 2015-16,REF14,CPCL Manali (Chennai),CPCL (IOCL),PSU,884.6,101.1
2016-01-01,FY 2015-16,REF15,MRPL Mangalore,MRPL (ONGC),PSU,1333.11,106.65
2016-01-01,FY 2015-16,REF16,NRL Numaligarh,NRL (OIL),PSU,241.88,96.75
2016-01-01,FY 2015-16,REF17,HMEL Bathinda (GGSR),HMEL (HPCL-Mittal),JV,991.43,105.28
2016-01-01,FY 2015-16,REF18,BORL Bina,BPCL (BORL),PSU,687.37,105.75
2016-01-01,FY 2015-16,REF19,Reliance Jamnagar (DTA),Reliance Industries,Private,3183.64,115.77
2016-01-01,FY 2015-16,REF20,Reliance Jamnagar (SEZ Export),Reliance Industries,Private,3185.11,108.58
2016-01-01,FY 2015-16,REF21,Nayara Energy (Vadinar),Nayara Energy,Private,1782.34,106.94
2016-02-01,FY 2015-16,REF01,IOCL Panipat,IOCL,PSU,1270.92,101.67
2016-02-01,FY 2015-16,REF02,IOCL Koyali (Gujarat),IOCL,PSU,1213.25,106.27
2016-02-01,FY 2015-16,REF03,IOCL Paradip,IOCL,PSU,1328.36,106.27
2016-02-01,FY 2015-16,REF04,IOCL Mathura,IOCL,PSU,670.18,100.53
2016-02-01,FY 2015-16,REF05,IOCL Haldia,IOCL,PSU,663.67,106.19
2016-02-01,FY 2015-16,REF06,IOCL Barauni,IOCL,PSU,504.54,100.91
2016-02-01,FY 2015-16,REF07,IOCL Bongaigaon,IOCL,PSU,204.38,104.36
2016-02-01,FY 2015-16,REF08,IOCL Guwahati,IOCL,PSU,85.99,103.19
2016-02-01,FY 2015-16,REF09,IOCL Digboi,IOCL,PSU,53.86,99.43
2016-02-01,FY 2015-16,REF10,BPCL Kochi,BPCL,PSU,1256.93,97.31
2016-02-01,FY 2015-16,REF11,BPCL Mumbai,BPCL,PSU,1058.69,105.87
2016-02-01,FY 2015-16,REF12,HPCL Mumbai,HPCL,PSU,847.76,107.09
2016-02-01,FY 2015-16,REF13,HPCL Visakhapatnam,HPCL,PSU,940.64,102.61
2016-02-01,FY 2015-16,REF14,CPCL Manali (Chennai),CPCL (IOCL),PSU,882.9,100.9
2016-02-01,FY 2015-16,REF15,MRPL Mangalore,MRPL (ONGC),PSU,1203.55,96.28
2016-02-01,FY 2015-16,REF16,NRL Numaligarh,NRL (OIL),PSU,264.38,105.75
2016-02-01,FY 2015-16,REF17,HMEL Bathinda (GGSR),HMEL (HPCL-Mittal),JV,987.34,104.85
2016-02-01,FY 2015-16,REF18,BORL Bina,BPCL (BORL),PSU,649.77,99.96
2016-02-01,FY 2015-16,REF19,Reliance Jamnagar (DTA),Reliance Industries,Private,3041.88,110.61
2016-02-01,FY 2015-16,REF20,Reliance Jamnagar (SEZ Export),Reliance Industries,Private,3049.55,103.96
2016-02-01,FY 2015-16,REF21,Nayara Energy (Vadinar),Nayara Energy,Private,1749.98,105.0
2016-03-01,FY 2015-16,REF01,IOCL Panipat,IOCL,PSU,1228.61,98.29
2016-03-01,FY 2015-16,REF02,IOCL Koyali (Gujarat),IOCL,PSU,1176.55,103.06
2016-03-01,FY 2015-16,REF03,IOCL Paradip,IOCL,PSU,1271.48,101.72
2016-03-01,FY 2015-16,REF04,IOCL Mathura,IOCL,PSU,690.26,103.54
2016-03-01,FY 2015-16,REF05,IOCL Haldia,IOCL,PSU,658.99,105.44
2016-03-01,FY 2015-16,REF06,IOCL Barauni,IOCL,PSU,518.45,103.69
2016-03-01,FY 2015-16,REF07,IOCL Bongaigaon,IOCL,PSU,212.67,108.6
2016-03-01,FY 2015-16,REF08,IOCL Guwahati,IOCL,PSU,87.86,105.43
2016-03-01,FY 2015-16,REF09,IOCL Digboi,IOCL,PSU,54.45,100.52
2016-03-01,FY 2015-16,REF10,BPCL Kochi,BPCL,PSU,1276.92,98.86
2016-03-01,FY 2015-16,REF11,BPCL Mumbai,BPCL,PSU,1006.38,100.64
2016-03-01,FY 2015-16,REF12,HPCL Mumbai,HPCL,PSU,822.05,103.84
2016-03-01,FY 2015-16,REF13,HPCL Visakhapatnam,HPCL,PSU,909.87,99.26
2016-03-01,FY 2015-16,REF14,CPCL Manali (Chennai),CPCL (IOCL),PSU,591.25,67.57
2016-03-01,FY 2015-16,REF15,MRPL Mangalore,MRPL (ONGC),PSU,1293.27,103.46
2016-03-01,FY 2015-16,REF16,NRL Numaligarh,NRL (OIL),PSU,243.15,97.26
2016-03-01,FY 2015-16,REF17,HMEL Bathinda (GGSR),HMEL (HPCL-Mittal),JV,1010.01,107.26
2016-03-01,FY 2015-16,REF18,BORL Bina,BPCL (BORL),PSU,666.05,102.47
2016-03-01,FY 2015-16,REF19,Reliance Jamnagar (DTA),Reliance Industries,Private,3121.65,113.51
2016-03-01,FY 2015-16,REF20,Reliance Jamnagar (SEZ Export),Reliance Industries,Private,3166.29,107.94
2016-03-01,FY 2015-16,REF21,Nayara Energy (Vadinar),Nayara Energy,Private,1784.84,107.09
2016-04-01,FY 2016-17,REF01,IOCL Panipat,IOCL,PSU,1209.82,96.79
2016-04-01,FY 2016-17,REF02,IOCL Koyali (Gujarat),IOCL,PSU,1104.32,96.73
2016-04-01,FY 2016-17,REF03,IOCL Paradip,IOCL,PSU,1310.02,104.8
2016-04-01,FY 2016-17,REF04,IOCL Mathura,IOCL,PSU,718.95,107.84
2016-04-01,FY 2016-17,REF05,IOCL Haldia,IOCL,PSU,628.64,100.58
2016-04-01,FY 2016-17,REF06,IOCL Barauni,IOCL,PSU,501.62,100.32
2016-04-01,FY 2016-17,REF07,IOCL Bongaigaon,IOCL,PSU,198.34,101.28
2016-04-01,FY 2016-17,REF08,IOCL Guwahati,IOCL,PSU,88.04,105.65
2016-04-01,FY 2016-17,REF09,IOCL Digboi,IOCL,PSU,52.7,97.29
2016-04-01,FY 2016-17,REF10,BPCL Kochi,BPCL,PSU,1316.9,101.95
2016-04-01,FY 2016-17,REF11,BPCL Mumbai,BPCL,PSU,1049.01,104.9
2016-04-01,FY 2016-17,REF12,HPCL Mumbai,HPCL,PSU,815.45,103.0
2016-04-01,FY 2016-17,REF13,HPCL Visakhapatnam,HPCL,PSU,826.71,90.19
2016-04-01,FY 2016-17,REF14,CPCL Manali (Chennai),CPCL (IOCL),PSU,907.48,103.71
2016-04-01,FY 2016-17,REF15,MRPL Mangalore,MRPL (ONGC),PSU,1288.06,103.04
2016-04-01,FY 2016-17,REF16,NRL Numaligarh,NRL (OIL),PSU,266.24,106.49
2016-04-01,FY 2016-17,REF17,HMEL Bathinda (GGSR),HMEL (HPCL-Mittal),JV,1024.88,108.84
2016-04-01,FY 2016-17,REF18,BORL Bina,BPCL (BORL),PSU,690.69,106.26
2016-04-01,FY 2016-17,REF19,Reliance Jamnagar (DTA),Reliance Industries,Private,2976.22,108.23
2016-04-01,FY 2016-17,REF20,Reliance Jamnagar (SEZ Export),Reliance Industries,Private,3027.03,103.19
2016-04-01,FY 2016-17,REF21,Nayara Energy (Vadinar),Nayara Energy,Private,1908.55,114.51
2016-05-01,FY 2016-17,REF01,IOCL Panipat,IOCL,PSU,1253.71,100.3
2016-05-01,FY 2016-17,REF02,IOCL Koyali (Gujarat),IOCL,PSU,1155.07,101.17
2016-05-01,FY 2016-17,REF03,IOCL Paradip,IOCL,PSU,1347.25,107.78
2016-05-01,FY 2016-17,REF04,IOCL Mathura,IOCL,PSU,653.53,98.03
2016-05-01,FY 2016-17,REF05,IOCL Haldia,IOCL,PSU,598.25,95.72
2016-05-01,FY 2016-17,REF06,IOCL Barauni,IOCL,PSU,496.41,99.28
2016-05-01,FY 2016-17,REF07,IOCL Bongaigaon,IOCL,PSU,192.37,98.23
2016-05-01,FY 2016-17,REF08,IOCL Guwahati,IOCL,PSU,79.48,95.37
2016-05-01,FY 2016-17,REF09,IOCL Digboi,IOCL,PSU,54.53,100.67
2016-05-01,FY 2016-17,REF10,BPCL Kochi,BPCL,PSU,850.75,65.86
2016-05-01,FY 2016-17,REF11,BPCL Mumbai,BPCL,PSU,618.6,61.86
2016-05-01,FY 2016-17,REF12,HPCL Mumbai,HPCL,PSU,789.79,99.76
2016-05-01,FY 2016-17,REF13,HPCL Visakhapatnam,HPCL,PSU,898.25,97.99
2016-05-01,FY 2016-17,REF14,CPCL Manali (Chennai),CPCL (IOCL),PSU,818.12,93.5
2016-05-01,FY 2016-17,REF15,MRPL Mangalore,MRPL (ONGC),PSU,1268.25,101.46
2016-05-01,FY 2016-17,REF16,NRL Numaligarh,NRL (OIL),PSU,254.63,101.85
2016-05-01,FY 2016-17,REF17,HMEL Bathinda (GGSR),HMEL (HPCL-Mittal),JV,958.09,101.74
2016-05-01,FY 2016-17,REF18,BORL Bina,BPCL (BORL),PSU,684.48,105.3
2016-05-01,FY 2016-17,REF19,Reliance Jamnagar (DTA),Reliance Industries,Private,2971.76,108.06
2016-05-01,FY 2016-17,REF20,Reliance Jamnagar (SEZ Export),Reliance Industries,Private,3105.66,105.87
2016-05-01,FY 2016-17,REF21,Nayara Energy (Vadinar),Nayara Energy,Private,1724.31,103.46
2016-06-01,FY 2016-17,REF01,IOCL Panipat,IOCL,PSU,1275.86,102.07
2016-06-01,FY 2016-17,REF02,IOCL Koyali (Gujarat),IOCL,PSU,1176.32,103.03
2016-06-01,FY 2016-17,REF03,IOCL Paradip,IOCL,PSU,1238.35,99.07
2016-06-01,FY 2016-17,REF04,IOCL Mathura,IOCL,PSU,677.25,101.59
2016-06-01,FY 2016-17,REF05,IOCL Haldia,IOCL,PSU,671.56,107.45
2016-06-01,FY 2016-17,REF06,IOCL Barauni,IOCL,PSU,522.94,104.59
2016-06-01,FY 2016-17,REF07,IOCL Bongaigaon,IOCL,PSU,180.94,92.39
2016-06-01,FY 2016-17,REF08,IOCL Guwahati,IOCL,PSU,81.77,98.12
2016-06-01,FY 2016-17,REF09,IOCL Digboi,IOCL,PSU,54.42,100.47
2016-06-01,FY 2016-17,REF10,BPCL Kochi,BPCL,PSU,1308.55,101.31
2016-06-01,FY 2016-17,REF11,BPCL Mumbai,BPCL,PSU,1016.75,101.67
2016-06-01,FY 2016-17,REF12,HPCL Mumbai,HPCL,PSU,813.58,102.77
2016-06-01,FY 2016-17,REF13,HPCL Visakhapatnam,HPCL,PSU,922.22,100.61
2016-06-01,FY 2016-17,REF14,CPCL Manali (Chennai),CPCL (IOCL),PSU,884.41,101.08
2016-06-01,FY 2016-17,REF15,MRPL Mangalore,MRPL (ONGC),PSU,1310.16,104.81
2016-06-01,FY 2016-17,REF16,NRL Numaligarh,NRL (OIL),PSU,255.37,102.15
2016-06-01,FY 2016-17,REF17,HMEL Bathinda (GGSR),HMEL (HPCL-Mittal),JV,615.56,65.37
2016-06-01,FY 2016-17,REF18,BORL Bina,BPCL (BORL),PSU,659.32,101.43
2016-06-01,FY 2016-17,REF19,Reliance Jamnagar (DTA),Reliance Industries,Private,2959.4,107.61
2016-06-01,FY 2016-17,REF20,Reliance Jamnagar (SEZ Export),Reliance Industries,Private,3002.4,102.35
2016-06-01,FY 2016-17,REF21,Nayara Energy (Vadinar),Nayara Energy,Private,1807.99,108.48
2016-07-01,FY 2016-17,REF01,IOCL Panipat,IOCL,PSU,1211.12,96.89
2016-07-01,FY 2016-17,REF02,IOCL Koyali (Gujarat),IOCL,PSU,1197.36,104.88
2016-07-01,FY 2016-17,REF03,IOCL Paradip,IOCL,PSU,1283.86,102.71
2016-07-01,FY 2016-17,REF04,IOCL Mathura,IOCL,PSU,641.5,96.23
2016-07-01,FY 2016-17,REF05,IOCL Haldia,IOCL,PSU,654.23,104.68
2016-07-01,FY 2016-17,REF06,IOCL Barauni,IOCL,PSU,532.85,106.57
2016-07-01,FY 2016-17,REF07,IOCL Bongaigaon,IOCL,PSU,195.83,100.0
2016-07-01,FY 2016-17,REF08,IOCL Guwahati,IOCL,PSU,83.72,100.46
2016-07-01,FY 2016-17,REF09,IOCL Digboi,IOCL,PSU,56.47,104.24
2016-07-01,FY 2016-17,REF10,BPCL Kochi,BPCL,PSU,1371.97,106.22
2016-07-01,FY 2016-17,REF11,BPCL Mumbai,BPCL,PSU,943.5,94.35
2016-07-01,FY 2016-17,REF12,HPCL Mumbai,HPCL,PSU,765.04,96.64
2016-07-01,FY 2016-17,REF13,HPCL Visakhapatnam,HPCL,PSU,910.77,99.36
2016-07-01,FY 2016-17,REF14,CPCL Manali (Chennai),CPCL (IOCL),PSU,872.97,99.77
2016-07-01,FY 2016-17,REF15,MRPL Mangalore,MRPL (ONGC),PSU,1301.48,104.12
2016-07-01,FY 2016-17,REF16,NRL Numaligarh,NRL (OIL),PSU,265.6,106.24
2016-07-01,FY 2016-17,REF17,HMEL Bathinda (GGSR),HMEL (HPCL-Mittal),JV,1018.76,108.19
2016-07-01,FY 2016-17,REF18,BORL Bina,BPCL (BORL),PSU,612.73,94.27
2016-07-01,FY 2016-17,REF19,Reliance Jamnagar (DTA),Reliance Industries,Private,2903.52,105.58
2016-07-01,FY 2016-17,REF20,Reliance Jamnagar (SEZ Export),Reliance Industries,Private,3059.38,104.3
2016-07-01,FY 2016-17,REF21,Nayara Energy (Vadinar),Nayara Energy,Private,1770.38,106.22
2016-08-01,FY 2016-17,REF01,IOCL Panipat,IOCL,PSU,1222.02,97.76
2016-08-01,FY 2016-17,REF02,IOCL Koyali (Gujarat),IOCL,PSU,1172.45,102.7
2016-08-01,FY 2016-17,REF03,IOCL Paradip,IOCL,PSU,1289.81,103.19
2016-08-01,FY 2016-17,REF04,IOCL Mathura,IOCL,PSU,673.5,101.03
2016-08-01,FY 2016-17,REF05,IOCL Haldia,IOCL,PSU,629.04,100.65
2016-08-01,FY 2016-17,REF06,IOCL Barauni,IOCL,PSU,497.6,99.52
2016-08-01,FY 2016-17,REF07,IOCL Bongaigaon,IOCL,PSU,195.76,99.96
2016-08-01,FY 2016-17,REF08,IOCL Guwahati,IOCL,PSU,89.5,107.39
2016-08-01,FY 2016-17,REF09,IOCL Digboi,IOCL,PSU,56.22,103.79
2016-08-01,FY 2016-17,REF10,BPCL Kochi,BPCL,PSU,1287.34,99.66
2016-08-01,FY 2016-17,REF11,BPCL Mumbai,BPCL,PSU,1005.71,100.57
2016-08-01,FY 2016-17,REF12,HPCL Mumbai,HPCL,PSU,813.76,102.79
2016-08-01,FY 2016-17,REF13,HPCL Visakhapatnam,HPCL,PSU,882.06,96.22
2016-08-01,FY 2016-17,REF14,CPCL Manali (Chennai),CPCL (IOCL),PSU,888.75,101.57
2016-08-01,FY 2016-17,REF15,MRPL Mangalore,MRPL (ONGC),PSU,1294.4,103.55
2016-08-01,FY 2016-17,REF16,NRL Numaligarh,NRL (OIL),PSU,257.51,103.0
2016-08-01,FY 2016-17,REF17,HMEL Bathinda (GGSR),HMEL (HPCL-Mittal),JV,957.08,101.64
2016-08-01,FY 2016-17,REF18,BORL Bina,BPCL (BORL),PSU,640.36,98.52
2016-08-01,FY 2016-17,REF19,Reliance Jamnagar (DTA),Reliance Industries,Private,2806.71,102.06
2016-08-01,FY 2016-17,REF20,Reliance Jamnagar (SEZ Export),Reliance Industries,Private,3233.82,110.24
2016-08-01,FY 2016-17,REF21,Nayara Energy (Vadinar),Nayara Energy,Private,1903.7,114.22
2016-09-01,FY 2016-17,REF01,IOCL Panipat,IOCL,PSU,1216.53,97.32
2016-09-01,FY 2016-17,REF02,IOCL Koyali (Gujarat),IOCL,PSU,1203.36,105.4
2016-09-01,FY 2016-17,REF03,IOCL Paradip,IOCL,PSU,1360.42,108.83
2016-09-01,FY 2016-17,REF04,IOCL Mathura,IOCL,PSU,660.93,99.14
2016-09-01,FY 2016-17,REF05,IOCL Haldia,IOCL,PSU,628.6,100.58
2016-09-01,FY 2016-17,REF06,IOCL Barauni,IOCL,PSU,510.07,102.01
2016-09-01,FY 2016-17,REF07,IOCL Bongaigaon,IOCL,PSU,201.46,102.87
2016-09-01,FY 2016-17,REF08,IOCL Guwahati,IOCL,PSU,85.19,102.23
2016-09-01,FY 2016-17,REF09,IOCL Digboi,IOCL,PSU,53.86,99.43
2016-09-01,FY 2016-17,REF10,BPCL Kochi,BPCL,PSU,1336.7,103.49
2016-09-01,FY 2016-17,REF11,BPCL Mumbai,BPCL,PSU,995.22,99.52
2016-09-01,FY 2016-17,REF12,HPCL Mumbai,HPCL,PSU,811.52,102.51
2016-09-01,FY 2016-17,REF13,HPCL Visakhapatnam,HPCL,PSU,924.76,100.88
2016-09-01,FY 2016-17,REF14,CPCL Manali (Chennai),CPCL (IOCL),PSU,821.69,93.91
2016-09-01,FY 2016-17,REF15,MRPL Mangalore,MRPL (ONGC),PSU,1325.6,106.05
2016-09-01,FY 2016-17,REF16,NRL Numaligarh,NRL (OIL),PSU,246.54,98.62
2016-09-01,FY 2016-17,REF17,HMEL Bathinda (GGSR),HMEL (HPCL-Mittal),JV,1018.16,108.12
2016-09-01,FY 2016-17,REF18,BORL Bina,BPCL (BORL),PSU,683.96,105.22
2016-09-01,FY 2016-17,REF19,Reliance Jamnagar (DTA),Reliance Industries,Private,2988.42,108.67
2016-09-01,FY 2016-17,REF20,Reliance Jamnagar (SEZ Export),Reliance Industries,Private,3213.86,109.56
2016-09-01,FY 2016-17,REF21,Nayara Energy (Vadinar),Nayara Energy,Private,1832.26,109.94
2016-10-01,FY 2016-17,REF01,IOCL Panipat,IOCL,PSU,1252.63,100.21
2016-10-01,FY 2016-17,REF02,IOCL Koyali (Gujarat),IOCL,PSU,1146.18,100.39
2016-10-01,FY 2016-17,REF03,IOCL Paradip,IOCL,PSU,1292.18,103.37
2016-10-01,FY 2016-17,REF04,IOCL Mathura,IOCL,PSU,594.92,89.24
2016-10-01,FY 2016-17,REF05,IOCL Haldia,IOCL,PSU,630.78,100.93
2016-10-01,FY 2016-17,REF06,IOCL Barauni,IOCL,PSU,497.23,99.45
2016-10-01,FY 2016-17,REF07,IOCL Bongaigaon,IOCL,PSU,191.74,97.91
2016-10-01,FY 2016-17,REF08,IOCL Guwahati,IOCL,PSU,85.52,102.63
2016-10-01,FY 2016-17,REF09,IOCL Digboi,IOCL,PSU,53.35,98.49
2016-10-01,FY 2016-17,REF10,BPCL Kochi,BPCL,PSU,1349.14,104.45
2016-10-01,FY 2016-17,REF11,BPCL Mumbai,BPCL,PSU,1048.13,104.81
2016-10-01,FY 2016-17,REF12,HPCL Mumbai,HPCL,PSU,530.29,66.98
2016-10-01,FY 2016-17,REF13,HPCL Visakhapatnam,HPCL,PSU,952.42,103.9
2016-10-01,FY 2016-17,REF14,CPCL Manali (Chennai),CPCL (IOCL),PSU,901.82,103.06
2016-10-01,FY 2016-17,REF15,MRPL Mangalore,MRPL (ONGC),PSU,1302.52,104.2
2016-10-01,FY 2016-17,REF16,NRL Numaligarh,NRL (OIL),PSU,260.04,104.02
2016-10-01,FY 2016-17,REF17,HMEL Bathinda (GGSR),HMEL (HPCL-Mittal),JV,989.26,105.05
2016-10-01,FY 2016-17,REF18,BORL Bina,BPCL (BORL),PSU,684.32,105.28
2016-10-01,FY 2016-17,REF19,Reliance Jamnagar (DTA),Reliance Industries,Private,2956.55,107.51
2016-10-01,FY 2016-17,REF20,Reliance Jamnagar (SEZ Export),Reliance Industries,Private,3102.45,105.77
2016-10-01,FY 2016-17,REF21,Nayara Energy (Vadinar),Nayara Energy,Private,1760.38,105.62
2016-11-01,FY 2016-17,REF01,IOCL Panipat,IOCL,PSU,1247.1,99.77
2016-11-01,FY 2016-17,REF02,IOCL Koyali (Gujarat),IOCL,PSU,1066.61,93.43
2016-11-01,FY 2016-17,REF03,IOCL Paradip,IOCL,PSU,1273.16,101.85
2016-11-01,FY 2016-17,REF04,IOCL Mathura,IOCL,PSU,690.91,103.64
2016-11-01,FY 2016-17,REF05,IOCL Haldia,IOCL,PSU,654.69,104.75
2016-11-01,FY 2016-17,REF06,IOCL Barauni,IOCL,PSU,472.85,94.57
2016-11-01,FY 2016-17,REF07,IOCL Bongaigaon,IOCL,PSU,191.82,97.95
2016-11-01,FY 2016-17,REF08,IOCL Guwahati,IOCL,PSU,86.93,104.32
2016-11-01,FY 2016-17,REF09,IOCL Digboi,IOCL,PSU,54.29,100.22
2016-11-01,FY 2016-17,REF10,BPCL Kochi,BPCL,PSU,1337.41,103.54
2016-11-01,FY 2016-17,REF11,BPCL Mumbai,BPCL,PSU,960.43,96.04
2016-11-01,FY 2016-17,REF12,HPCL Mumbai,HPCL,PSU,842.67,106.44
2016-11-01,FY 2016-17,REF13,HPCL Visakhapatnam,HPCL,PSU,877.84,95.76
2016-11-01,FY 2016-17,REF14,CPCL Manali (Chennai),CPCL (IOCL),PSU,778.07,88.92
2016-11-01,FY 2016-17,REF15,MRPL Mangalore,MRPL (ONGC),PSU,1271.69,101.74
2016-11-01,FY 2016-17,REF16,NRL Numaligarh,NRL (OIL),PSU,254.6,101.84
2016-11-01,FY 2016-17,REF17,HMEL Bathinda (GGSR),HMEL (HPCL-Mittal),JV,965.44,102.53
2016-11-01,FY 2016-17,REF18,BORL Bina,BPCL (BORL),PSU,668.89,102.91
2016-11-01,FY 2016-17,REF19,Reliance Jamnagar (DTA),Reliance Industries,Private,3011.7,109.52
2016-11-01,FY 2016-17,REF20,Reliance Jamnagar (SEZ Export),Reliance Industries,Private,3202.53,109.18
2016-11-01,FY 2016-17,REF21,Nayara Energy (Vadinar),Nayara Energy,Private,1774.55,106.47
2016-12-01,FY 2016-17,REF01,IOCL Panipat,IOCL,PSU,1227.76,98.22
2016-12-01,FY 2016-17,REF02,IOCL Koyali (Gujarat),IOCL,PSU,1134.39,99.36
2016-12-01,FY 2016-17,REF03,IOCL Paradip,IOCL,PSU,793.9,63.51
2016-12-01,FY 2016-17,REF04,IOCL Mathura,IOCL,PSU,703.23,105.48
2016-12-01,FY 2016-17,REF05,IOCL Haldia,IOCL,PSU,623.05,99.69
2016-12-01,FY 2016-17,REF06,IOCL Barauni,IOCL,PSU,330.27,66.05
2016-12-01,FY 2016-17,REF07,IOCL Bongaigaon,IOCL,PSU,204.25,104.3
2016-12-01,FY 2016-17,REF08,IOCL Guwahati,IOCL,PSU,81.28,97.53
2016-12-01,FY 2016-17,REF09,IOCL Digboi,IOCL,PSU,51.79,95.62
2016-12-01,FY 2016-17,REF10,BPCL Kochi,BPCL,PSU,1262.26,97.72
2016-12-01,FY 2016-17,REF11,BPCL Mumbai,BPCL,PSU,1020.5,102.05
2016-12-01,FY 2016-17,REF12,HPCL Mumbai,HPCL,PSU,805.71,101.77
2016-12-01,FY 2016-17,REF13,HPCL Visakhapatnam,HPCL,PSU,940.15,102.56
2016-12-01,FY 2016-17,REF14,CPCL Manali (Chennai),CPCL (IOCL),PSU,880.14,100.59
2016-12-01,FY 2016-17,REF15,MRPL Mangalore,MRPL (ONGC),PSU,1140.56,91.24
2016-12-01,FY 2016-17,REF16,NRL Numaligarh,NRL (OIL),PSU,251.16,100.46
2016-12-01,FY 2016-17,REF17,HMEL Bathinda (GGSR),HMEL (HPCL-Mittal),JV,1006.61,106.9
2016-12-01,FY 2016-17,REF18,BORL Bina,BPCL (BORL),PSU,688.64,105.94
2016-12-01,FY 2016-17,REF19,Reliance Jamnagar (DTA),Reliance Industries,Private,2977.31,108.27
2016-12-01,FY 2016-17,REF20,Reliance Jamnagar (SEZ Export),Reliance Industries,Private,3185.36,108.59
2016-12-01,FY 2016-17,REF21,Nayara Energy (Vadinar),Nayara Energy,Private,1830.79,109.85
2017-01-01,FY 2016-17,REF01,IOCL Panipat,IOCL,PSU,1322.69,105.82
2017-01-01,FY 2016-17,REF02,IOCL Koyali (Gujarat),IOCL,PSU,1153.11,101.0
2017-01-01,FY 2016-17,REF03,IOCL Paradip,IOCL,PSU,1292.56,103.4
2017-01-01,FY 2016-17,REF04,IOCL Mathura,IOCL,PSU,658.65,98.8
2017-01-01,FY 2016-17,REF05,IOCL Haldia,IOCL,PSU,600.73,96.12
2017-01-01,FY 2016-17,REF06,IOCL Barauni,IOCL,PSU,495.94,99.19
2017-01-01,FY 2016-17,REF07,IOCL Bongaigaon,IOCL,PSU,209.17,106.81
2017-01-01,FY 2016-17,REF08,IOCL Guwahati,IOCL,PSU,86.24,103.49
2017-01-01,FY 2016-17,REF09,IOCL Digboi,IOCL,PSU,52.24,96.44
2017-01-01,FY 2016-17,REF10,BPCL Kochi,BPCL,PSU,1339.22,103.68
2017-01-01,FY 2016-17,REF11,BPCL Mumbai,BPCL,PSU,967.13,96.71
2017-01-01,FY 2016-17,REF12,HPCL Mumbai,HPCL,PSU,811.5,102.51
2017-01-01,FY 2016-17,REF13,HPCL Visakhapatnam,HPCL,PSU,892.76,97.39
2017-01-01,FY 2016-17,REF14,CPCL Manali (Chennai),CPCL (IOCL),PSU,842.12,96.24
2017-01-01,FY 2016-17,REF15,MRPL Mangalore,MRPL (ONGC),PSU,1344.63,107.57
2017-01-01,FY 2016-17,REF16,NRL Numaligarh,NRL (OIL),PSU,249.21,99.69
2017-01-01,FY 2016-17,REF17,HMEL Bathinda (GGSR),HMEL (HPCL-Mittal),JV,996.37,105.81
2017-01-01,FY 2016-17,REF18,BORL Bina,BPCL (BORL),PSU,657.56,101.16
2017-01-01,FY 2016-17,REF19,Reliance Jamnagar (DTA),Reliance Industries,Private,2887.32,104.99
2017-01-01,FY 2016-17,REF20,Reliance Jamnagar (SEZ Export),Reliance Industries,Private,3147.88,107.31
2017-01-01,FY 2016-17,REF21,Nayara Energy (Vadinar),Nayara Energy,Private,1750.28,105.02
2017-02-01,FY 2016-17,REF01,IOCL Panipat,IOCL,PSU,899.04,71.92
2017-02-01,FY 2016-17,REF02,IOCL Koyali (Gujarat),IOCL,PSU,1188.91,104.14
2017-02-01,FY 2016-17,REF03,IOCL Paradip,IOCL,PSU,1263.62,101.09
2017-02-01,FY 2016-17,REF04,IOCL Mathura,IOCL,PSU,687.92,103.19
2017-02-01,FY 2016-17,REF05,IOCL Haldia,IOCL,PSU,649.13,103.86
2017-02-01,FY 2016-17,REF06,IOCL Barauni,IOCL,PSU,519.36,103.87
2017-02-01,FY 2016-17,REF07,IOCL Bongaigaon,IOCL,PSU,203.06,103.69
2017-02-01,FY 2016-17,REF08,IOCL Guwahati,IOCL,PSU,86.14,103.37
2017-02-01,FY 2016-17,REF09,IOCL Digboi,IOCL,PSU,54.93,101.41
2017-02-01,FY 2016-17,REF10,BPCL Kochi,BPCL,PSU,1384.62,107.2
2017-02-01,FY 2016-17,REF11,BPCL Mumbai,BPCL,PSU,1016.59,101.66
2017-02-01,FY 2016-17,REF12,HPCL Mumbai,HPCL,PSU,801.19,101.2
2017-02-01,FY 2016-17,REF13,HPCL Visakhapatnam,HPCL,PSU,932.19,101.69
2017-02-01,FY 2016-17,REF14,CPCL Manali (Chennai),CPCL (IOCL),PSU,892.29,101.98
2017-02-01,FY 2016-17,REF15,MRPL Mangalore,MRPL (ONGC),PSU,1182.45,94.6
2017-02-01,FY 2016-17,REF16,NRL Numaligarh,NRL (OIL),PSU,244.22,97.69
2017-02-01,FY 2016-17,REF17,HMEL Bathinda (GGSR),HMEL (HPCL-Mittal),JV,976.42,103.69
2017-02-01,FY 2016-17,REF18,BORL Bina,BPCL (BORL),PSU,613.78,94.43
2017-02-01,FY 2016-17,REF19,Reliance Jamnagar (DTA),Reliance Industries,Private,2971.72,108.06
2017-02-01,FY 2016-17,REF20,Reliance Jamnagar (SEZ Export),Reliance Industries,Private,3188.3,108.69
2017-02-01,FY 2016-17,REF21,Nayara Energy (Vadinar),Nayara Energy,Private,1736.99,104.22
2017-03-01,FY 2016-17,REF01,IOCL Panipat,IOCL,PSU,1231.68,98.53
2017-03-01,FY 2016-17,REF02,IOCL Koyali (Gujarat),IOCL,PSU,1211.61,106.13
2017-03-01,FY 2016-17,REF03,IOCL Paradip,IOCL,PSU,1290.38,103.23
2017-03-01,FY 2016-17,REF04,IOCL Mathura,IOCL,PSU,686.62,102.99
2017-03-01,FY 2016-17,REF05,IOCL Haldia,IOCL,PSU,659.75,105.56
2017-03-01,FY 2016-17,REF06,IOCL Barauni,IOCL,PSU,488.78,97.76
2017-03-01,FY 2016-17,REF07,IOCL Bongaigaon,IOCL,PSU,187.94,95.97
2017-03-01,FY 2016-17,REF08,IOCL Guwahati,IOCL,PSU,87.46,104.95
2017-03-01,FY 2016-17,REF09,IOCL Digboi,IOCL,PSU,54.54,100.7
2017-03-01,FY 2016-17,REF10,BPCL Kochi,BPCL,PSU,1261.43,97.66
2017-03-01,FY 2016-17,REF11,BPCL Mumbai,BPCL,PSU,1093.58,109.36
2017-03-01,FY 2016-17,REF12,HPCL Mumbai,HPCL,PSU,748.67,94.57
2017-03-01,FY 2016-17,REF13,HPCL Visakhapatnam,HPCL,PSU,932.61,101.74
2017-03-01,FY 2016-17,REF14,CPCL Manali (Chennai),CPCL (IOCL),PSU,877.1,100.24
2017-03-01,FY 2016-17,REF15,MRPL Mangalore,MRPL (ONGC),PSU,1244.63,99.57
2017-03-01,FY 2016-17,REF16,NRL Numaligarh,NRL (OIL),PSU,230.38,92.15
2017-03-01,FY 2016-17,REF17,HMEL Bathinda (GGSR),HMEL (HPCL-Mittal),JV,1022.65,108.6
2017-03-01,FY 2016-17,REF18,BORL Bina,BPCL (BORL),PSU,619.48,95.3
2017-03-01,FY 2016-17,REF19,Reliance Jamnagar (DTA),Reliance Industries,Private,2948.0,107.2
2017-03-01,FY 2016-17,REF20,Reliance Jamnagar (SEZ Export),Reliance Industries,Private,3130.23,106.71
2017-03-01,FY 2016-17,REF21,Nayara Energy (Vadinar),Nayara Energy,Private,1829.43,109.77
2017-04-01,FY 2017-18,REF01,IOCL Panipat,IOCL,PSU,1182.59,94.61
2017-04-01,FY 2017-18,REF02,IOCL Koyali (Gujarat),IOCL,PSU,1174.19,102.85
2017-04-01,FY 2017-18,REF03,IOCL Paradip,IOCL,PSU,1271.99,101.76
2017-04-01,FY 2017-18,REF04,IOCL Mathura,IOCL,PSU,655.68,98.35
2017-04-01,FY 2017-18,REF05,IOCL Haldia,IOCL,PSU,641.9,102.7
2017-04-01,FY 2017-18,REF06,IOCL Barauni,IOCL,PSU,505.38,101.08
2017-04-01,FY 2017-18,REF07,IOCL Bongaigaon,IOCL,PSU,211.93,108.22
2017-04-01,FY 2017-18,REF08,IOCL Guwahati,IOCL,PSU,83.53,100.24
2017-04-01,FY 2017-18,REF09,IOCL Digboi,IOCL,PSU,52.64,97.17
2017-04-01,FY 2017-18,REF10,BPCL Kochi,BPCL,PSU,1328.99,102.89
2017-04-01,FY 2017-18,REF11,BPCL Mumbai,BPCL,PSU,648.36,64.84
2017-04-01,FY 2017-18,REF12,HPCL Mumbai,HPCL,PSU,799.56,101.0
2017-04-01,FY 2017-18,REF13,HPCL Visakhapatnam,HPCL,PSU,879.99,96.0
2017-04-01,FY 2017-18,REF14,CPCL Manali (Chennai),CPCL (IOCL),PSU,904.91,103.42
2017-04-01,FY 2017-18,REF15,MRPL Mangalore,MRPL (ONGC),PSU,1239.0,99.12
2017-04-01,FY 2017-18,REF16,NRL Numaligarh,NRL (OIL),PSU,255.16,102.06
2017-04-01,FY 2017-18,REF17,HMEL Bathinda (GGSR),HMEL (HPCL-Mittal),JV,1038.65,110.3
2017-04-01,FY 2017-18,REF18,BORL Bina,BPCL (BORL),PSU,650.08,100.01
2017-04-01,FY 2017-18,REF19,Reliance Jamnagar (DTA),Reliance Industries,Private,3031.4,110.23
2017-04-01,FY 2017-18,REF20,Reliance Jamnagar (SEZ Export),Reliance Industries,Private,3152.05,107.46
2017-04-01,FY 2017-18,REF21,Nayara Energy (Vadinar),Nayara Energy,Private,1767.53,106.05
2017-05-01,FY 2017-18,REF01,IOCL Panipat,IOCL,PSU,1328.57,106.29
2017-05-01,FY 2017-18,REF02,IOCL Koyali (Gujarat),IOCL,PSU,1067.84,93.53
2017-05-01,FY 2017-18,REF03,IOCL Paradip,IOCL,PSU,1312.88,105.03
2017-05-01,FY 2017-18,REF04,IOCL Mathura,IOCL,PSU,620.8,93.12
2017-05-01,FY 2017-18,REF05,IOCL Haldia,IOCL,PSU,653.56,104.57
2017-05-01,FY 2017-18,REF06,IOCL Barauni,IOCL,PSU,505.29,101.06
2017-05-01,FY 2017-18,REF07,IOCL Bongaigaon,IOCL,PSU,190.32,97.18
2017-05-01,FY 2017-18,REF08,IOCL Guwahati,IOCL,PSU,82.81,99.37
2017-05-01,FY 2017-18,REF09,IOCL Digboi,IOCL,PSU,56.2,103.75
2017-05-01,FY 2017-18,REF10,BPCL Kochi,BPCL,PSU,1406.7,108.91
2017-05-01,FY 2017-18,REF11,BPCL Mumbai,BPCL,PSU,947.43,94.74
2017-05-01,FY 2017-18,REF12,HPCL Mumbai,HPCL,PSU,771.12,97.4
2017-05-01,FY 2017-18,REF13,HPCL Visakhapatnam,HPCL,PSU,877.06,95.68
2017-05-01,FY 2017-18,REF14,CPCL Manali (Chennai),CPCL (IOCL),PSU,877.13,100.24
2017-05-01,FY 2017-18,REF15,MRPL Mangalore,MRPL (ONGC),PSU,1308.58,104.69
2017-05-01,FY 2017-18,REF16,NRL Numaligarh,NRL (OIL),PSU,237.99,95.2
2017-05-01,FY 2017-18,REF17,HMEL Bathinda (GGSR),HMEL (HPCL-Mittal),JV,978.99,103.96
2017-05-01,FY 2017-18,REF18,BORL Bina,BPCL (BORL),PSU,679.56,104.55
2017-05-01,FY 2017-18,REF19,Reliance Jamnagar (DTA),Reliance Industries,Private,2935.29,106.74
2017-05-01,FY 2017-18,REF20,Reliance Jamnagar (SEZ Export),Reliance Industries,Private,2938.83,100.19
2017-05-01,FY 2017-18,REF21,Nayara Energy (Vadinar),Nayara Energy,Private,1809.95,108.6
2017-06-01,FY 2017-18,REF01,IOCL Panipat,IOCL,PSU,1324.29,105.94
2017-06-01,FY 2017-18,REF02,IOCL Koyali (Gujarat),IOCL,PSU,1104.17,96.72
2017-06-01,FY 2017-18,REF03,IOCL Paradip,IOCL,PSU,1173.57,93.89
2017-06-01,FY 2017-18,REF04,IOCL Mathura,IOCL,PSU,681.86,102.28
2017-06-01,FY 2017-18,REF05,IOCL Haldia,IOCL,PSU,415.96,66.55
2017-06-01,FY 2017-18,REF06,IOCL Barauni,IOCL,PSU,495.26,99.05
2017-06-01,FY 2017-18,REF07,IOCL Bongaigaon,IOCL,PSU,192.5,98.3
2017-06-01,FY 2017-18,REF08,IOCL Guwahati,IOCL,PSU,84.28,101.14
2017-06-01,FY 2017-18,REF09,IOCL Digboi,IOCL,PSU,52.35,96.65
2017-06-01,FY 2017-18,REF10,BPCL Kochi,BPCL,PSU,811.51,62.83
2017-06-01,FY 2017-18,REF11,BPCL Mumbai,BPCL,PSU,1037.17,103.72
2017-06-01,FY 2017-18,REF12,HPCL Mumbai,HPCL,PSU,763.2,96.4
2017-06-01,FY 2017-18,REF13,HPCL Visakhapatnam,HPCL,PSU,862.55,94.1
2017-06-01,FY 2017-18,REF14,CPCL Manali (Chennai),CPCL (IOCL),PSU,860.04,98.29
2017-06-01,FY 2017-18,REF15,MRPL Mangalore,MRPL (ONGC),PSU,1239.28,99.14
2017-06-01,FY 2017-18,REF16,NRL Numaligarh,NRL (OIL),PSU,257.12,102.85
2017-06-01,FY 2017-18,REF17,HMEL Bathinda (GGSR),HMEL (HPCL-Mittal),JV,962.45,102.21
2017-06-01,FY 2017-18,REF18,BORL Bina,BPCL (BORL),PSU,693.48,106.69
2017-06-01,FY 2017-18,REF19,Reliance Jamnagar (DTA),Reliance Industries,Private,2977.04,108.26
2017-06-01,FY 2017-18,REF20,Reliance Jamnagar (SEZ Export),Reliance Industries,Private,3096.87,105.58
2017-06-01,FY 2017-18,REF21,Nayara Energy (Vadinar),Nayara Energy,Private,1820.92,109.26
2017-07-01,FY 2017-18,REF01,IOCL Panipat,IOCL,PSU,1332.58,106.61
2017-07-01,FY 2017-18,REF02,IOCL Koyali (Gujarat),IOCL,PSU,1182.79,103.6
2017-07-01,FY 2017-18,REF03,IOCL Paradip,IOCL,PSU,1187.35,94.99
2017-07-01,FY 2017-18,REF04,IOCL Mathura,IOCL,PSU,663.09,99.46
2017-07-01,FY 2017-18,REF05,IOCL Haldia,IOCL,PSU,637.51,102.0
2017-07-01,FY 2017-18,REF06,IOCL Barauni,IOCL,PSU,517.13,103.43
2017-07-01,FY 2017-18,REF07,IOCL Bongaigaon,IOCL,PSU,196.36,100.27
2017-07-01,FY 2017-18,REF08,IOCL Guwahati,IOCL,PSU,83.1,99.72
2017-07-01,FY 2017-18,REF09,IOCL Digboi,IOCL,PSU,58.6,108.18
2017-07-01,FY 2017-18,REF10,BPCL Kochi,BPCL,PSU,1338.99,103.66
2017-07-01,FY 2017-18,REF11,BPCL Mumbai,BPCL,PSU,1026.86,102.69
2017-07-01,FY 2017-18,REF12,HPCL Mumbai,HPCL,PSU,781.9,98.77
2017-07-01,FY 2017-18,REF13,HPCL Visakhapatnam,HPCL,PSU,885.49,96.6
2017-07-01,FY 2017-18,REF14,CPCL Manali (Chennai),CPCL (IOCL),PSU,899.13,102.76
2017-07-01,FY 2017-18,REF15,MRPL Mangalore,MRPL (ONGC),PSU,1301.45,104.12
2017-07-01,FY 2017-18,REF16,NRL Numaligarh,NRL (OIL),PSU,252.44,100.98
2017-07-01,FY 2017-18,REF17,HMEL Bathinda (GGSR),HMEL (HPCL-Mittal),JV,998.23,106.01
2017-07-01,FY 2017-18,REF18,BORL Bina,BPCL (BORL),PSU,674.58,103.78
2017-07-01,FY 2017-18,REF19,Reliance Jamnagar (DTA),Reliance Industries,Private,3040.05,110.55
2017-07-01,FY 2017-18,REF20,Reliance Jamnagar (SEZ Export),Reliance Industries,Private,3034.43,103.45
2017-07-01,FY 2017-18,REF21,Nayara Energy (Vadinar),Nayara Energy,Private,1782.15,106.93
2017-08-01,FY 2017-18,REF01,IOCL Panipat,IOCL,PSU,1287.53,103.0
2017-08-01,FY 2017-18,REF02,IOCL Koyali (Gujarat),IOCL,PSU,1155.36,101.2
2017-08-01,FY 2017-18,REF03,IOCL Paradip,IOCL,PSU,1297.44,103.8
2017-08-01,FY 2017-18,REF04,IOCL Mathura,IOCL,PSU,684.56,102.68
2017-08-01,FY 2017-18,REF05,IOCL Haldia,IOCL,PSU,577.42,92.39
2017-08-01,FY 2017-18,REF06,IOCL Barauni,IOCL,PSU,526.94,105.39
2017-08-01,FY 2017-18,REF07,IOCL Bongaigaon,IOCL,PSU,194.04,99.08
2017-08-01,FY 2017-18,REF08,IOCL Guwahati,IOCL,PSU,81.29,97.55
2017-08-01,FY 2017-18,REF09,IOCL Digboi,IOCL,PSU,57.0,105.24
2017-08-01,FY 2017-18,REF10,BPCL Kochi,BPCL,PSU,1336.46,103.47
2017-08-01,FY 2017-18,REF11,BPCL Mumbai,BPCL,PSU,1058.48,105.85
2017-08-01,FY 2017-18,REF12,HPCL Mumbai,HPCL,PSU,525.11,66.33
2017-08-01,FY 2017-18,REF13,HPCL Visakhapatnam,HPCL,PSU,912.29,99.52
2017-08-01,FY 2017-18,REF14,CPCL Manali (Chennai),CPCL (IOCL),PSU,888.77,101.57
2017-08-01,FY 2017-18,REF15,MRPL Mangalore,MRPL (ONGC),PSU,1211.03,96.88
2017-08-01,FY 2017-18,REF16,NRL Numaligarh,NRL (OIL),PSU,238.97,95.59
2017-08-01,FY 2017-18,REF17,HMEL Bathinda (GGSR),HMEL (HPCL-Mittal),JV,961.56,102.11
2017-08-01,FY 2017-18,REF18,BORL Bina,BPCL (BORL),PSU,696.38,107.13
2017-08-01,FY 2017-18,REF19,Reliance Jamnagar (DTA),Reliance Industries,Private,2925.8,106.39
2017-08-01,FY 2017-18,REF20,Reliance Jamnagar (SEZ Export),Reliance Industries,Private,3017.75,102.88
2017-08-01,FY 2017-18,REF21,Nayara Energy (Vadinar),Nayara Energy,Private,1792.21,107.53
2017-09-01,FY 2017-18,REF01,IOCL Panipat,IOCL,PSU,1235.09,98.81
2017-09-01,FY 2017-18,REF02,IOCL Koyali (Gujarat),IOCL,PSU,1204.11,105.47
2017-09-01,FY 2017-18,REF03,IOCL Paradip,IOCL,PSU,1334.92,106.79
2017-09-01,FY 2017-18,REF04,IOCL Mathura,IOCL,PSU,662.31,99.35
2017-09-01,FY 2017-18,REF05,IOCL Haldia,IOCL,PSU,637.76,102.04
2017-09-01,FY 2017-18,REF06,IOCL Barauni,IOCL,PSU,511.88,102.38
2017-09-01,FY 2017-18,REF07,IOCL Bongaigaon,IOCL,PSU,197.41,100.81
2017-09-01,FY 2017-18,REF08,IOCL Guwahati,IOCL,PSU,83.4,100.08
2017-09-01,FY 2017-18,REF09,IOCL Digboi,IOCL,PSU,52.71,97.3
2017-09-01,FY 2017-18,REF10,BPCL Kochi,BPCL,PSU,1209.2,93.62
2017-09-01,FY 2017-18,REF11,BPCL Mumbai,BPCL,PSU,972.82,97.28
2017-09-01,FY 2017-18,REF12,HPCL Mumbai,HPCL,PSU,796.94,100.67
2017-09-01,FY 2017-18,REF13,HPCL Visakhapatnam,HPCL,PSU,872.68,95.2
2017-09-01,FY 2017-18,REF14,CPCL Manali (Chennai),CPCL (IOCL),PSU,891.0,101.83
2017-09-01,FY 2017-18,REF15,MRPL Mangalore,MRPL (ONGC),PSU,1265.97,101.28
2017-09-01,FY 2017-18,REF16,NRL Numaligarh,NRL (OIL),PSU,247.03,98.81
2017-09-01,FY 2017-18,REF17,HMEL Bathinda (GGSR),HMEL (HPCL-Mittal),JV,971.66,103.19
2017-09-01,FY 2017-18,REF18,BORL Bina,BPCL (BORL),PSU,404.76,62.27
2017-09-01,FY 2017-18,REF19,Reliance Jamnagar (DTA),Reliance Industries,Private,3038.45,110.49
2017-09-01,FY 2017-18,REF20,Reliance Jamnagar (SEZ Export),Reliance Industries,Private,3239.4,110.43
2017-09-01,FY 2017-18,REF21,Nayara Energy (Vadinar),Nayara Energy,Private,1742.59,104.56
2017-10-01,FY 2017-18,REF01,IOCL Panipat,IOCL,PSU,1206.37,96.51
2017-10-01,FY 2017-18,REF02,IOCL Koyali (Gujarat),IOCL,PSU,1111.18,97.33
2017-10-01,FY 2017-18,REF03,IOCL Paradip,IOCL,PSU,1290.07,103.21
2017-10-01,FY 2017-18,REF04,IOCL Mathura,IOCL,PSU,682.42,102.36
2017-10-01,FY 2017-18,REF05,IOCL Haldia,IOCL,PSU,657.43,105.19
2017-10-01,FY 2017-18,REF06,IOCL Barauni,IOCL,PSU,343.45,68.69
2017-10-01,FY 2017-18,REF07,IOCL Bongaigaon,IOCL,PSU,185.8,94.88
2017-10-01,FY 2017-18,REF08,IOCL Guwahati,IOCL,PSU,85.88,103.06
2017-10-01,FY 2017-18,REF09,IOCL Digboi,IOCL,PSU,57.14,105.5
2017-10-01,FY 2017-18,REF10,BPCL Kochi,BPCL,PSU,1287.32,99.66
2017-10-01,FY 2017-18,REF11,BPCL Mumbai,BPCL,PSU,1009.06,100.91
2017-10-01,FY 2017-18,REF12,HPCL Mumbai,HPCL,PSU,794.06,100.3
2017-10-01,FY 2017-18,REF13,HPCL Visakhapatnam,HPCL,PSU,921.01,100.47
2017-10-01,FY 2017-18,REF14,CPCL Manali (Chennai),CPCL (IOCL),PSU,912.66,104.3
2017-10-01,FY 2017-18,REF15,MRPL Mangalore,MRPL (ONGC),PSU,1349.98,108.0
2017-10-01,FY 2017-18,REF16,NRL Numaligarh,NRL (OIL),PSU,266.31,106.53
2017-10-01,FY 2017-18,REF17,HMEL Bathinda (GGSR),HMEL (HPCL-Mittal),JV,965.12,102.49
2017-10-01,FY 2017-18,REF18,BORL Bina,BPCL (BORL),PSU,663.35,102.05
2017-10-01,FY 2017-18,REF19,Reliance Jamnagar (DTA),Reliance Industries,Private,2905.34,105.65
2017-10-01,FY 2017-18,REF20,Reliance Jamnagar (SEZ Export),Reliance Industries,Private,3107.23,105.93
2017-10-01,FY 2017-18,REF21,Nayara Energy (Vadinar),Nayara Energy,Private,1796.64,107.8
2017-11-01,FY 2017-18,REF01,IOCL Panipat,IOCL,PSU,1226.71,98.14
2017-11-01,FY 2017-18,REF02,IOCL Koyali (Gujarat),IOCL,PSU,1126.59,98.68
2017-11-01,FY 2017-18,REF03,IOCL Paradip,IOCL,PSU,1274.47,101.96
2017-11-01,FY 2017-18,REF04,IOCL Mathura,IOCL,PSU,686.66,103.0
2017-11-01,FY 2017-18,REF05,IOCL Haldia,IOCL,PSU,643.05,102.89
2017-11-01,FY 2017-18,REF06,IOCL Barauni,IOCL,PSU,514.64,102.93
2017-11-01,FY 2017-18,REF07,IOCL Bongaigaon,IOCL,PSU,188.1,96.05
2017-11-01,FY 2017-18,REF08,IOCL Guwahati,IOCL,PSU,81.62,97.95
2017-11-01,FY 2017-18,REF09,IOCL Digboi,IOCL,PSU,54.79,101.15
2017-11-01,FY 2017-18,REF10,BPCL Kochi,BPCL,PSU,1360.02,105.29
2017-11-01,FY 2017-18,REF11,BPCL Mumbai,BPCL,PSU,1104.55,110.46
2017-11-01,FY 2017-18,REF12,HPCL Mumbai,HPCL,PSU,809.2,102.22
2017-11-01,FY 2017-18,REF13,HPCL Visakhapatnam,HPCL,PSU,952.29,103.89
2017-11-01,FY 2017-18,REF14,CPCL Manali (Chennai),CPCL (IOCL),PSU,836.9,95.65
2017-11-01,FY 2017-18,REF15,MRPL Mangalore,MRPL (ONGC),PSU,1297.15,103.77
2017-11-01,FY 2017-18,REF16,NRL Numaligarh,NRL (OIL),PSU,272.43,108.97
2017-11-01,FY 2017-18,REF17,HMEL Bathinda (GGSR),HMEL (HPCL-Mittal),JV,957.68,101.7
2017-11-01,FY 2017-18,REF18,BORL Bina,BPCL (BORL),PSU,642.21,98.8
2017-11-01,FY 2017-18,REF19,Reliance Jamnagar (DTA),Reliance Industries,Private,3040.92,110.58
2017-11-01,FY 2017-18,REF20,Reliance Jamnagar (SEZ Export),Reliance Industries,Private,3170.23,108.08
2017-11-01,FY 2017-18,REF21,Nayara Energy (Vadinar),Nayara Energy,Private,1704.02,102.24
2017-12-01,FY 2017-18,REF01,IOCL Panipat,IOCL,PSU,1237.84,99.03
2017-12-01,FY 2017-18,REF02,IOCL Koyali (Gujarat),IOCL,PSU,1219.01,106.77
2017-12-01,FY 2017-18,REF03,IOCL Paradip,IOCL,PSU,1248.55,99.88
2017-12-01,FY 2017-18,REF04,IOCL Mathura,IOCL,PSU,665.87,99.88
2017-12-01,FY 2017-18,REF05,IOCL Haldia,IOCL,PSU,651.01,104.16
2017-12-01,FY 2017-18,REF06,IOCL Barauni,IOCL,PSU,511.8,102.36
2017-12-01,FY 2017-18,REF07,IOCL Bongaigaon,IOCL,PSU,195.2,99.67
2017-12-01,FY 2017-18,REF08,IOCL Guwahati,IOCL,PSU,82.13,98.55
2017-12-01,FY 2017-18,REF09,IOCL Digboi,IOCL,PSU,61.1,112.8
2017-12-01,FY 2017-18,REF10,BPCL Kochi,BPCL,PSU,1368.89,105.98
2017-12-01,FY 2017-18,REF11,BPCL Mumbai,BPCL,PSU,1029.27,102.93
2017-12-01,FY 2017-18,REF12,HPCL Mumbai,HPCL,PSU,816.91,103.19
2017-12-01,FY 2017-18,REF13,HPCL Visakhapatnam,HPCL,PSU,921.23,100.5
2017-12-01,FY 2017-18,REF14,CPCL Manali (Chennai),CPCL (IOCL),PSU,895.23,102.31
2017-12-01,FY 2017-18,REF15,MRPL Mangalore,MRPL (ONGC),PSU,1251.01,100.08
2017-12-01,FY 2017-18,REF16,NRL Numaligarh,NRL (OIL),PSU,243.99,97.59
2017-12-01,FY 2017-18,REF17,HMEL Bathinda (GGSR),HMEL (HPCL-Mittal),JV,989.71,105.1
2017-12-01,FY 2017-18,REF18,BORL Bina,BPCL (BORL),PSU,648.35,99.75
2017-12-01,FY 2017-18,REF19,Reliance Jamnagar (DTA),Reliance Industries,Private,3004.66,109.26
2017-12-01,FY 2017-18,REF20,Reliance Jamnagar (SEZ Export),Reliance Industries,Private,3221.4,109.82
2017-12-01,FY 2017-18,REF21,Nayara Energy (Vadinar),Nayara Energy,Private,1823.68,109.42
2018-01-01,FY 2017-18,REF01,IOCL Panipat,IOCL,PSU,1216.18,97.29
2018-01-01,FY 2017-18,REF02,IOCL Koyali (Gujarat),IOCL,PSU,1134.02,99.33
2018-01-01,FY 2017-18,REF03,IOCL Paradip,IOCL,PSU,811.03,64.88
2018-01-01,FY 2017-18,REF04,IOCL Mathura,IOCL,PSU,699.36,104.9
2018-01-01,FY 2017-18,REF05,IOCL Haldia,IOCL,PSU,654.21,104.67
2018-01-01,FY 2017-18,REF06,IOCL Barauni,IOCL,PSU,490.81,98.16
2018-01-01,FY 2017-18,REF07,IOCL Bongaigaon,IOCL,PSU,187.93,95.97
2018-01-01,FY 2017-18,REF08,IOCL Guwahati,IOCL,PSU,92.26,110.71
2018-01-01,FY 2017-18,REF09,IOCL Digboi,IOCL,PSU,55.65,102.73
2018-01-01,FY 2017-18,REF10,BPCL Kochi,BPCL,PSU,1233.41,95.49
2018-01-01,FY 2017-18,REF11,BPCL Mumbai,BPCL,PSU,987.41,98.74
2018-01-01,FY 2017-18,REF12,HPCL Mumbai,HPCL,PSU,831.93,105.09
2018-01-01,FY 2017-18,REF13,HPCL Visakhapatnam,HPCL,PSU,1002.41,109.35
2018-01-01,FY 2017-18,REF14,CPCL Manali (Chennai),CPCL (IOCL),PSU,949.23,108.48
2018-01-01,FY 2017-18,REF15,MRPL Mangalore,MRPL (ONGC),PSU,1281.98,102.56
2018-01-01,FY 2017-18,REF16,NRL Numaligarh,NRL (OIL),PSU,226.14,90.46
2018-01-01,FY 2017-18,REF17,HMEL Bathinda (GGSR),HMEL (HPCL-Mittal),JV,979.43,104.01
2018-01-01,FY 2017-18,REF18,BORL Bina,BPCL (BORL),PSU,630.14,96.94
2018-01-01,FY 2017-18,REF19,Reliance Jamnagar (DTA),Reliance Industries,Private,2977.07,108.26
2018-01-01,FY 2017-18,REF20,Reliance Jamnagar (SEZ Export),Reliance Industries,Private,3089.21,105.31
2018-01-01,FY 2017-18,REF21,Nayara Energy (Vadinar),Nayara Energy,Private,1779.59,106.78
2018-02-01,FY 2017-18,REF01,IOCL Panipat,IOCL,PSU,1305.42,104.43
2018-02-01,FY 2017-18,REF02,IOCL Koyali (Gujarat),IOCL,PSU,1142.37,100.06
2018-02-01,FY 2017-18,REF03,IOCL Paradip,IOCL,PSU,1247.52,99.8
2018-02-01,FY 2017-18,REF04,IOCL Mathura,IOCL,PSU,671.99,100.8
2018-02-01,FY 2017-18,REF05,IOCL Haldia,IOCL,PSU,696.77,111.48
2018-02-01,FY 2017-18,REF06,IOCL Barauni,IOCL,PSU,482.76,96.55
2018-02-01,FY 2017-18,REF07,IOCL Bongaigaon,IOCL,PSU,199.99,102.12
2018-02-01,FY 2017-18,REF08,IOCL Guwahati,IOCL,PSU,90.03,108.03
2018-02-01,FY 2017-18,REF09,IOCL Digboi,IOCL,PSU,54.59,100.79
2018-02-01,FY 2017-18,REF10,BPCL Kochi,BPCL,PSU,1367.8,105.89
2018-02-01,FY 2017-18,REF11,BPCL Mumbai,BPCL,PSU,957.23,95.72
2018-02-01,FY 2017-18,REF12,HPCL Mumbai,HPCL,PSU,793.16,100.19
2018-02-01,FY 2017-18,REF13,HPCL Visakhapatnam,HPCL,PSU,896.5,97.8
2018-02-01,FY 2017-18,REF14,CPCL Manali (Chennai),CPCL (IOCL),PSU,881.53,100.75
2018-02-01,FY 2017-18,REF15,MRPL Mangalore,MRPL (ONGC),PSU,1260.36,100.83
2018-02-01,FY 2017-18,REF16,NRL Numaligarh,NRL (OIL),PSU,253.08,101.23
2018-02-01,FY 2017-18,REF17,HMEL Bathinda (GGSR),HMEL (HPCL-Mittal),JV,1003.3,106.55
2018-02-01,FY 2017-18,REF18,BORL Bina,BPCL (BORL),PSU,598.08,92.01
2018-02-01,FY 2017-18,REF19,Reliance Jamnagar (DTA),Reliance Industries,Private,2919.95,106.18
2018-02-01,FY 2017-18,REF20,Reliance Jamnagar (SEZ Export),Reliance Industries,Private,3186.59,108.63
2018-02-01,FY 2017-18,REF21,Nayara Energy (Vadinar),Nayara Energy,Private,1706.17,102.37
2018-03-01,FY 2017-18,REF01,IOCL Panipat,IOCL,PSU,1293.49,103.48
2018-03-01,FY 2017-18,REF02,IOCL Koyali (Gujarat),IOCL,PSU,1124.57,98.5
2018-03-01,FY 2017-18,REF03,IOCL Paradip,IOCL,PSU,1253.27,100.26
2018-03-01,FY 2017-18,REF04,IOCL Mathura,IOCL,PSU,697.26,104.59
2018-03-01,FY 2017-18,REF05,IOCL Haldia,IOCL,PSU,431.03,68.96
2018-03-01,FY 2017-18,REF06,IOCL Barauni,IOCL,PSU,518.03,103.61
2018-03-01,FY 2017-18,REF07,IOCL Bongaigaon,IOCL,PSU,122.77,62.69
2018-03-01,FY 2017-18,REF08,IOCL Guwahati,IOCL,PSU,86.16,103.4
2018-03-01,FY 2017-18,REF09,IOCL Digboi,IOCL,PSU,56.16,103.67
2018-03-01,FY 2017-18,REF10,BPCL Kochi,BPCL,PSU,1328.21,102.83
2018-03-01,FY 2017-18,REF11,BPCL Mumbai,BPCL,PSU,1068.23,106.82
2018-03-01,FY 2017-18,REF12,HPCL Mumbai,HPCL,PSU,802.24,101.34
2018-03-01,FY 2017-18,REF13,HPCL Visakhapatnam,HPCL,PSU,977.55,106.64
2018-03-01,FY 2017-18,REF14,CPCL Manali (Chennai),CPCL (IOCL),PSU,932.87,106.61
2018-03-01,FY 2017-18,REF15,MRPL Mangalore,MRPL (ONGC),PSU,1297.4,103.79
2018-03-01,FY 2017-18,REF16,NRL Numaligarh,NRL (OIL),PSU,255.47,102.19
2018-03-01,FY 2017-18,REF17,HMEL Bathinda (GGSR),HMEL (HPCL-Mittal),JV,992.42,105.39
2018-03-01,FY 2017-18,REF18,BORL Bina,BPCL (BORL),PSU,700.7,107.8
2018-03-01,FY 2017-18,REF19,Reliance Jamnagar (DTA),Reliance Industries,Private,3058.4,111.21
2018-03-01,FY 2017-18,REF20,Reliance Jamnagar (SEZ Export),Reliance Industries,Private,3077.14,104.9
2018-03-01,FY 2017-18,REF21,Nayara Energy (Vadinar),Nayara Energy,Private,1819.9,109.19
2018-04-01,FY 2018-19,REF01,IOCL Panipat,IOCL,PSU,1220.12,97.61
2018-04-01,FY 2018-19,REF02,IOCL Koyali (Gujarat),IOCL,PSU,1123.3,98.39
2018-04-01,FY 2018-19,REF03,IOCL Paradip,IOCL,PSU,1243.97,99.52
2018-04-01,FY 2018-19,REF04,IOCL Mathura,IOCL,PSU,635.85,95.38
2018-04-01,FY 2018-19,REF05,IOCL Haldia,IOCL,PSU,608.56,97.37
2018-04-01,FY 2018-19,REF06,IOCL Barauni,IOCL,PSU,535.39,107.08
2018-04-01,FY 2018-19,REF07,IOCL Bongaigaon,IOCL,PSU,192.64,98.37
2018-04-01,FY 2018-19,REF08,IOCL Guwahati,IOCL,PSU,87.02,104.42
2018-04-01,FY 2018-19,REF09,IOCL Digboi,IOCL,PSU,55.08,101.69
2018-04-01,FY 2018-19,REF10,BPCL Kochi,BPCL,PSU,1333.17,103.21
2018-04-01,FY 2018-19,REF11,BPCL Mumbai,BPCL,PSU,1033.89,103.39
2018-04-01,FY 2018-19,REF12,HPCL Mumbai,HPCL,PSU,769.55,97.21
2018-04-01,FY 2018-19,REF13,HPCL Visakhapatnam,HPCL,PSU,956.93,104.39
2018-04-01,FY 2018-19,REF14,CPCL Manali (Chennai),CPCL (IOCL),PSU,840.61,96.07
2018-04-01,FY 2018-19,REF15,MRPL Mangalore,MRPL (ONGC),PSU,1227.66,98.21
2018-04-01,FY 2018-19,REF16,NRL Numaligarh,NRL (OIL),PSU,258.32,103.33
2018-04-01,FY 2018-19,REF17,HMEL Bathinda (GGSR),HMEL (HPCL-Mittal),JV,950.84,100.97
2018-04-01,FY 2018-19,REF18,BORL Bina,BPCL (BORL),PSU,605.47,93.15
2018-04-01,FY 2018-19,REF19,Reliance Jamnagar (DTA),Reliance Industries,Private,2998.85,109.05
2018-04-01,FY 2018-19,REF20,Reliance Jamnagar (SEZ Export),Reliance Industries,Private,3030.3,103.31
2018-04-01,FY 2018-19,REF21,Nayara Energy (Vadinar),Nayara Energy,Private,1833.96,110.04
2018-05-01,FY 2018-19,REF01,IOCL Panipat,IOCL,PSU,1247.4,99.79
2018-05-01,FY 2018-19,REF02,IOCL Koyali (Gujarat),IOCL,PSU,1168.38,102.34
2018-05-01,FY 2018-19,REF03,IOCL Paradip,IOCL,PSU,1278.31,102.26
2018-05-01,FY 2018-19,REF04,IOCL Mathura,IOCL,PSU,693.51,104.03
2018-05-01,FY 2018-19,REF05,IOCL Haldia,IOCL,PSU,646.56,103.45
2018-05-01,FY 2018-19,REF06,IOCL Barauni,IOCL,PSU,484.67,96.93
2018-05-01,FY 2018-19,REF07,IOCL Bongaigaon,IOCL,PSU,195.88,100.02
2018-05-01,FY 2018-19,REF08,IOCL Guwahati,IOCL,PSU,85.28,102.34
2018-05-01,FY 2018-19,REF09,IOCL Digboi,IOCL,PSU,57.81,106.73
2018-05-01,FY 2018-19,REF10,BPCL Kochi,BPCL,PSU,1336.72,103.49
2018-05-01,FY 2018-19,REF11,BPCL Mumbai,BPCL,PSU,1063.16,106.32
2018-05-01,FY 2018-19,REF12,HPCL Mumbai,HPCL,PSU,811.83,102.55
2018-05-01,FY 2018-19,REF13,HPCL Visakhapatnam,HPCL,PSU,965.84,105.36
2018-05-01,FY 2018-19,REF14,CPCL Manali (Chennai),CPCL (IOCL),PSU,892.48,102.0
2018-05-01,FY 2018-19,REF15,MRPL Mangalore,MRPL (ONGC),PSU,1314.75,105.18
2018-05-01,FY 2018-19,REF16,NRL Numaligarh,NRL (OIL),PSU,248.99,99.59
2018-05-01,FY 2018-19,REF17,HMEL Bathinda (GGSR),HMEL (HPCL-Mittal),JV,1023.5,108.69
2018-05-01,FY 2018-19,REF18,BORL Bina,BPCL (BORL),PSU,669.5,103.0
2018-05-01,FY 2018-19,REF19,Reliance Jamnagar (DTA),Reliance Industries,Private,2854.56,103.8
2018-05-01,FY 2018-19,REF20,Reliance Jamnagar (SEZ Export),Reliance Industries,Private,3200.35,109.1
2018-05-01,FY 2018-19,REF21,Nayara Energy (Vadinar),Nayara Energy,Private,1695.0,101.7
2018-06-01,FY 2018-19,REF01,IOCL Panipat,IOCL,PSU,1293.78,103.5
2018-06-01,FY 2018-19,REF02,IOCL Koyali (Gujarat),IOCL,PSU,1193.51,104.54
2018-06-01,FY 2018-19,REF03,IOCL Paradip,IOCL,PSU,1360.21,108.82
2018-06-01,FY 2018-19,REF04,IOCL Mathura,IOCL,PSU,659.85,98.98
2018-06-01,FY 2018-19,REF05,IOCL Haldia,IOCL,PSU,680.31,108.85
2018-06-01,FY 2018-19,REF06,IOCL Barauni,IOCL,PSU,505.07,101.01
2018-06-01,FY 2018-19,REF07,IOCL Bongaigaon,IOCL,PSU,191.98,98.03
2018-06-01,FY 2018-19,REF08,IOCL Guwahati,IOCL,PSU,82.55,99.06
2018-06-01,FY 2018-19,REF09,IOCL Digboi,IOCL,PSU,55.93,103.25
2018-06-01,FY 2018-19,REF10,BPCL Kochi,BPCL,PSU,1259.13,97.48
2018-06-01,FY 2018-19,REF11,BPCL Mumbai,BPCL,PSU,647.79,64.78
2018-06-01,FY 2018-19,REF12,HPCL Mumbai,HPCL,PSU,810.42,102.37
2018-06-01,FY 2018-19,REF13,HPCL Visakhapatnam,HPCL,PSU,982.82,107.22
2018-06-01,FY 2018-19,REF14,CPCL Manali (Chennai),CPCL (IOCL),PSU,913.64,104.42
2018-06-01,FY 2018-19,REF15,MRPL Mangalore,MRPL (ONGC),PSU,1264.68,101.17
2018-06-01,FY 2018-19,REF16,NRL Numaligarh,NRL (OIL),PSU,258.08,103.23
2018-06-01,FY 2018-19,REF17,HMEL Bathinda (GGSR),HMEL (HPCL-Mittal),JV,986.15,104.72
2018-06-01,FY 2018-19,REF18,BORL Bina,BPCL (BORL),PSU,626.57,96.4
2018-06-01,FY 2018-19,REF19,Reliance Jamnagar (DTA),Reliance Industries,Private,3114.83,113.27
2018-06-01,FY 2018-19,REF20,Reliance Jamnagar (SEZ Export),Reliance Industries,Private,3306.43,112.72
2018-06-01,FY 2018-19,REF21,Nayara Energy (Vadinar),Nayara Energy,Private,1796.3,107.78
2018-07-01,FY 2018-19,REF01,IOCL Panipat,IOCL,PSU,1239.92,99.19
2018-07-01,FY 2018-19,REF02,IOCL Koyali (Gujarat),IOCL,PSU,1101.45,96.48
2018-07-01,FY 2018-19,REF03,IOCL Paradip,IOCL,PSU,1293.64,103.49
2018-07-01,FY 2018-19,REF04,IOCL Mathura,IOCL,PSU,690.12,103.52
2018-07-01,FY 2018-19,REF05,IOCL Haldia,IOCL,PSU,611.14,97.78
2018-07-01,FY 2018-19,REF06,IOCL Barauni,IOCL,PSU,510.06,102.01
2018-07-01,FY 2018-19,REF07,IOCL Bongaigaon,IOCL,PSU,204.22,104.28
2018-07-01,FY 2018-19,REF08,IOCL Guwahati,IOCL,PSU,82.45,98.93
2018-07-01,FY 2018-19,REF09,IOCL Digboi,IOCL,PSU,54.28,100.21
2018-07-01,FY 2018-19,REF10,BPCL Kochi,BPCL,PSU,1293.95,100.18
2018-07-01,FY 2018-19,REF11,BPCL Mumbai,BPCL,PSU,980.14,98.01
2018-07-01,FY 2018-19,REF12,HPCL Mumbai,HPCL,PSU,793.99,100.29
2018-07-01,FY 2018-19,REF13,HPCL Visakhapatnam,HPCL,PSU,869.05,94.81
2018-07-01,FY 2018-19,REF14,CPCL Manali (Chennai),CPCL (IOCL),PSU,874.78,99.98
2018-07-01,FY 2018-19,REF15,MRPL Mangalore,MRPL (ONGC),PSU,1250.43,100.03
2018-07-01,FY 2018-19,REF16,NRL Numaligarh,NRL (OIL),PSU,251.88,100.75
2018-07-01,FY 2018-19,REF17,HMEL Bathinda (GGSR),HMEL (HPCL-Mittal),JV,992.88,105.44
2018-07-01,FY 2018-19,REF18,BORL Bina,BPCL (BORL),PSU,625.22,96.19
2018-07-01,FY 2018-19,REF19,Reliance Jamnagar (DTA),Reliance Industries,Private,2884.03,104.87
2018-07-01,FY 2018-19,REF20,Reliance Jamnagar (SEZ Export),Reliance Industries,Private,3100.24,105.69
2018-07-01,FY 2018-19,REF21,Nayara Energy (Vadinar),Nayara Energy,Private,1735.19,104.11
2018-08-01,FY 2018-19,REF01,IOCL Panipat,IOCL,PSU,1292.25,103.38
2018-08-01,FY 2018-19,REF02,IOCL Koyali (Gujarat),IOCL,PSU,1127.63,98.77
2018-08-01,FY 2018-19,REF03,IOCL Paradip,IOCL,PSU,1260.93,100.87
2018-08-01,FY 2018-19,REF04,IOCL Mathura,IOCL,PSU,650.71,97.61
2018-08-01,FY 2018-19,REF05,IOCL Haldia,IOCL,PSU,622.26,99.56
2018-08-01,FY 2018-19,REF06,IOCL Barauni,IOCL,PSU,511.02,102.2
2018-08-01,FY 2018-19,REF07,IOCL Bongaigaon,IOCL,PSU,200.53,102.4
2018-08-01,FY 2018-19,REF08,IOCL Guwahati,IOCL,PSU,80.82,96.98
2018-08-01,FY 2018-19,REF09,IOCL Digboi,IOCL,PSU,54.53,100.68
2018-08-01,FY 2018-19,REF10,BPCL Kochi,BPCL,PSU,1261.54,97.67
2018-08-01,FY 2018-19,REF11,BPCL Mumbai,BPCL,PSU,1005.33,100.53
2018-08-01,FY 2018-19,REF12,HPCL Mumbai,HPCL,PSU,779.46,98.46
2018-08-01,FY 2018-19,REF13,HPCL Visakhapatnam,HPCL,PSU,993.03,108.33
2018-08-01,FY 2018-19,REF14,CPCL Manali (Chennai),CPCL (IOCL),PSU,912.25,104.26
2018-08-01,FY 2018-19,REF15,MRPL Mangalore,MRPL (ONGC),PSU,1282.19,102.58
2018-08-01,FY 2018-19,REF16,NRL Numaligarh,NRL (OIL),PSU,233.22,93.29
2018-08-01,FY 2018-19,REF17,HMEL Bathinda (GGSR),HMEL (HPCL-Mittal),JV,971.45,103.16
2018-08-01,FY 2018-19,REF18,BORL Bina,BPCL (BORL),PSU,678.47,104.38
2018-08-01,FY 2018-19,REF19,Reliance Jamnagar (DTA),Reliance Industries,Private,2965.68,107.84
2018-08-01,FY 2018-19,REF20,Reliance Jamnagar (SEZ Export),Reliance Industries,Private,3317.96,113.11
2018-08-01,FY 2018-19,REF21,Nayara Energy (Vadinar),Nayara Energy,Private,1847.57,110.85
2018-09-01,FY 2018-19,REF01,IOCL Panipat,IOCL,PSU,1244.17,99.53
2018-09-01,FY 2018-19,REF02,IOCL Koyali (Gujarat),IOCL,PSU,1224.46,107.25
2018-09-01,FY 2018-19,REF03,IOCL Paradip,IOCL,PSU,1248.8,99.9
2018-09-01,FY 2018-19,REF04,IOCL Mathura,IOCL,PSU,724.11,108.62
2018-09-01,FY 2018-19,REF05,IOCL Haldia,IOCL,PSU,671.9,107.5
2018-09-01,FY 2018-19,REF06,IOCL Barauni,IOCL,PSU,510.91,102.18
2018-09-01,FY 2018-19,REF07,IOCL Bongaigaon,IOCL,PSU,185.91,94.93
2018-09-01,FY 2018-19,REF08,IOCL Guwahati,IOCL,PSU,84.89,101.87
2018-09-01,FY 2018-19,REF09,IOCL Digboi,IOCL,PSU,52.33,96.61
2018-09-01,FY 2018-19,REF10,BPCL Kochi,BPCL,PSU,1273.18,98.57
2018-09-01,FY 2018-19,REF11,BPCL Mumbai,BPCL,PSU,988.44,98.84
2018-09-01,FY 2018-19,REF12,HPCL Mumbai,HPCL,PSU,764.6,96.58
2018-09-01,FY 2018-19,REF13,HPCL Visakhapatnam,HPCL,PSU,933.92,101.88
2018-09-01,FY 2018-19,REF14,CPCL Manali (Chennai),CPCL (IOCL),PSU,858.62,98.13
2018-09-01,FY 2018-19,REF15,MRPL Mangalore,MRPL (ONGC),PSU,1250.97,100.08
2018-09-01,FY 2018-19,REF16,NRL Numaligarh,NRL (OIL),PSU,247.19,98.88
2018-09-01,FY 2018-19,REF17,HMEL Bathinda (GGSR),HMEL (HPCL-Mittal),JV,993.0,105.45
2018-09-01,FY 2018-19,REF18,BORL Bina,BPCL (BORL),PSU,667.12,102.63
2018-09-01,FY 2018-19,REF19,Reliance Jamnagar (DTA),Reliance Industries,Private,2944.61,107.08
2018-09-01,FY 2018-19,REF20,Reliance Jamnagar (SEZ Export),Reliance Industries,Private,3215.06,109.6
2018-09-01,FY 2018-19,REF21,Nayara Energy (Vadinar),Nayara Energy,Private,1861.45,111.69
2018-10-01,FY 2018-19,REF01,IOCL Panipat,IOCL,PSU,1158.15,92.65
2018-10-01,FY 2018-19,REF02,IOCL Koyali (Gujarat),IOCL,PSU,1126.39,98.66
2018-10-01,FY 2018-19,REF03,IOCL Paradip,IOCL,PSU,1215.67,97.25
2018-10-01,FY 2018-19,REF04,IOCL Mathura,IOCL,PSU,655.53,98.33
2018-10-01,FY 2018-19,REF05,IOCL Haldia,IOCL,PSU,575.29,92.05
2018-10-01,FY 2018-19,REF06,IOCL Barauni,IOCL,PSU,462.59,92.52
2018-10-01,FY 2018-19,REF07,IOCL Bongaigaon,IOCL,PSU,176.27,90.01
2018-10-01,FY 2018-19,REF08,IOCL Guwahati,IOCL,PSU,82.5,99.0
2018-10-01,FY 2018-19,REF09,IOCL Digboi,IOCL,PSU,53.57,98.9
2018-10-01,FY 2018-19,REF10,BPCL Kochi,BPCL,PSU,1376.31,106.55
2018-10-01,FY 2018-19,REF11,BPCL Mumbai,BPCL,PSU,1015.65,101.57
2018-10-01,FY 2018-19,REF12,HPCL Mumbai,HPCL,PSU,732.12,92.48
2018-10-01,FY 2018-19,REF13,HPCL Visakhapatnam,HPCL,PSU,944.47,103.03
2018-10-01,FY 2018-19,REF14,CPCL Manali (Chennai),CPCL (IOCL),PSU,1021.17,116.7
2018-10-01,FY 2018-19,REF15,MRPL Mangalore,MRPL (ONGC),PSU,1158.29,92.66
2018-10-01,FY 2018-19,REF16,NRL Numaligarh,NRL (OIL),PSU,269.75,107.9
2018-10-01,FY 2018-19,REF17,HMEL Bathinda (GGSR),HMEL (HPCL-Mittal),JV,978.05,103.86
2018-10-01,FY 2018-19,REF18,BORL Bina,BPCL (BORL),PSU,645.47,99.3
2018-10-01,FY 2018-19,REF19,Reliance Jamnagar (DTA),Reliance Industries,Private,2922.99,106.29
2018-10-01,FY 2018-19,REF20,Reliance Jamnagar (SEZ Export),Reliance Industries,Private,3197.0,108.99
2018-10-01,FY 2018-19,REF21,Nayara Energy (Vadinar),Nayara Energy,Private,1779.19,106.75
2018-11-01,FY 2018-19,REF01,IOCL Panipat,IOCL,PSU,1206.0,96.48
2018-11-01,FY 2018-19,REF02,IOCL Koyali (Gujarat),IOCL,PSU,1128.64,98.86
2018-11-01,FY 2018-19,REF03,IOCL Paradip,IOCL,PSU,1280.42,102.43
2018-11-01,FY 2018-19,REF04,IOCL Mathura,IOCL,PSU,691.61,103.74
2018-11-01,FY 2018-19,REF05,IOCL Haldia,IOCL,PSU,677.47,108.39
2018-11-01,FY 2018-19,REF06,IOCL Barauni,IOCL,PSU,506.96,101.39
2018-11-01,FY 2018-19,REF07,IOCL Bongaigaon,IOCL,PSU,207.94,106.18
2018-11-01,FY 2018-19,REF08,IOCL Guwahati,IOCL,PSU,83.52,100.22
2018-11-01,FY 2018-19,REF09,IOCL Digboi,IOCL,PSU,54.57,100.74
2018-11-01,FY 2018-19,REF10,BPCL Kochi,BPCL,PSU,1298.58,100.54
2018-11-01,FY 2018-19,REF11,BPCL Mumbai,BPCL,PSU,1018.59,101.86
2018-11-01,FY 2018-19,REF12,HPCL Mumbai,HPCL,PSU,827.11,104.48
2018-11-01,FY 2018-19,REF13,HPCL Visakhapatnam,HPCL,PSU,909.13,99.18
2018-11-01,FY 2018-19,REF14,CPCL Manali (Chennai),CPCL (IOCL),PSU,852.63,97.44
2018-11-01,FY 2018-19,REF15,MRPL Mangalore,MRPL (ONGC),PSU,1310.27,104.82
2018-11-01,FY 2018-19,REF16,NRL Numaligarh,NRL (OIL),PSU,261.26,104.5
2018-11-01,FY 2018-19,REF17,HMEL Bathinda (GGSR),HMEL (HPCL-Mittal),JV,1020.94,108.42
2018-11-01,FY 2018-19,REF18,BORL Bina,BPCL (BORL),PSU,640.8,98.58
2018-11-01,FY 2018-19,REF19,Reliance Jamnagar (DTA),Reliance Industries,Private,2951.06,107.31
2018-11-01,FY 2018-19,REF20,Reliance Jamnagar (SEZ Export),Reliance Industries,Private,3255.7,110.99
2018-11-01,FY 2018-19,REF21,Nayara Energy (Vadinar),Nayara Energy,Private,1776.68,106.6
2018-12-01,FY 2018-19,REF01,IOCL Panipat,IOCL,PSU,1294.52,103.56
2018-12-01,FY 2018-19,REF02,IOCL Koyali (Gujarat),IOCL,PSU,1144.38,100.24
2018-12-01,FY 2018-19,REF03,IOCL Paradip,IOCL,PSU,1278.7,102.3
2018-12-01,FY 2018-19,REF04,IOCL Mathura,IOCL,PSU,642.73,96.41
2018-12-01,FY 2018-19,REF05,IOCL Haldia,IOCL,PSU,633.38,101.34
2018-12-01,FY 2018-19,REF06,IOCL Barauni,IOCL,PSU,445.18,89.04
2018-12-01,FY 2018-19,REF07,IOCL Bongaigaon,IOCL,PSU,207.24,105.82
2018-12-01,FY 2018-19,REF08,IOCL Guwahati,IOCL,PSU,86.76,104.11
2018-12-01,FY 2018-19,REF09,IOCL Digboi,IOCL,PSU,52.65,97.2
2018-12-01,FY 2018-19,REF10,BPCL Kochi,BPCL,PSU,1394.86,107.99
2018-12-01,FY 2018-19,REF11,BPCL Mumbai,BPCL,PSU,1055.42,105.54
2018-12-01,FY 2018-19,REF12,HPCL Mumbai,HPCL,PSU,764.55,96.57
2018-12-01,FY 2018-19,REF13,HPCL Visakhapatnam,HPCL,PSU,906.44,98.88
2018-12-01,FY 2018-19,REF14,CPCL Manali (Chennai),CPCL (IOCL),PSU,846.77,96.77
2018-12-01,FY 2018-19,REF15,MRPL Mangalore,MRPL (ONGC),PSU,1280.13,102.41
2018-12-01,FY 2018-19,REF16,NRL Numaligarh,NRL (OIL),PSU,246.8,98.72
2018-12-01,FY 2018-19,REF17,HMEL Bathinda (GGSR),HMEL (HPCL-Mittal),JV,925.31,98.26
2018-12-01,FY 2018-19,REF18,BORL Bina,BPCL (BORL),PSU,654.72,100.73
2018-12-01,FY 2018-19,REF19,Reliance Jamnagar (DTA),Reliance Industries,Private,3045.19,110.73
2018-12-01,FY 2018-19,REF20,Reliance Jamnagar (SEZ Export),Reliance Industries,Private,3177.31,108.32
2018-12-01,FY 2018-19,REF21,Nayara Energy (Vadinar),Nayara Energy,Private,1827.17,109.63
2019-01-01,FY 2018-19,REF01,IOCL Panipat,IOCL,PSU,1272.49,101.8
2019-01-01,FY 2018-19,REF02,IOCL Koyali (Gujarat),IOCL,PSU,1186.53,103.93
2019-01-01,FY 2018-19,REF03,IOCL Paradip,IOCL,PSU,1276.94,102.15
2019-01-01,FY 2018-19,REF04,IOCL Mathura,IOCL,PSU,670.06,100.51
2019-01-01,FY 2018-19,REF05,IOCL Haldia,IOCL,PSU,633.58,101.37
2019-01-01,FY 2018-19,REF06,IOCL Barauni,IOCL,PSU,535.33,107.07
2019-01-01,FY 2018-19,REF07,IOCL Bongaigaon,IOCL,PSU,202.51,103.41
2019-01-01,FY 2018-19,REF08,IOCL Guwahati,IOCL,PSU,80.99,97.19
2019-01-01,FY 2018-19,REF09,IOCL Digboi,IOCL,PSU,54.88,101.31
2019-01-01,FY 2018-19,REF10,BPCL Kochi,BPCL,PSU,1321.85,102.34
2019-01-01,FY 2018-19,REF11,BPCL Mumbai,BPCL,PSU,1003.79,100.38
2019-01-01,FY 2018-19,REF12,HPCL Mumbai,HPCL,PSU,739.17,93.37
2019-01-01,FY 2018-19,REF13,HPCL Visakhapatnam,HPCL,PSU,894.29,97.56
2019-01-01,FY 2018-19,REF14,CPCL Manali (Chennai),CPCL (IOCL),PSU,869.27,99.35
2019-01-01,FY 2018-19,REF15,MRPL Mangalore,MRPL (ONGC),PSU,1356.88,108.55
2019-01-01,FY 2018-19,REF16,NRL Numaligarh,NRL (OIL),PSU,257.36,102.94
2019-01-01,FY 2018-19,REF17,HMEL Bathinda (GGSR),HMEL (HPCL-Mittal),JV,935.62,99.36
2019-01-01,FY 2018-19,REF18,BORL Bina,BPCL (BORL),PSU,654.07,100.63
2019-01-01,FY 2018-19,REF19,Reliance Jamnagar (DTA),Reliance Industries,Private,3079.38,111.98
2019-01-01,FY 2018-19,REF20,Reliance Jamnagar (SEZ Export),Reliance Industries,Private,3116.64,106.25
2019-01-01,FY 2018-19,REF21,Nayara Energy (Vadinar),Nayara Energy,Private,1851.92,111.12
2019-02-01,FY 2018-19,REF01,IOCL Panipat,IOCL,PSU,1186.53,94.92
2019-02-01,FY 2018-19,REF02,IOCL Koyali (Gujarat),IOCL,PSU,1023.75,89.67
2019-02-01,FY 2018-19,REF03,IOCL Paradip,IOCL,PSU,1322.51,105.8
2019-02-01,FY 2018-19,REF04,IOCL Mathura,IOCL,PSU,660.98,99.15
2019-02-01,FY 2018-19,REF05,IOCL Haldia,IOCL,PSU,584.51,93.52
2019-02-01,FY 2018-19,REF06,IOCL Barauni,IOCL,PSU,497.23,99.45
2019-02-01,FY 2018-19,REF07,IOCL Bongaigaon,IOCL,PSU,199.28,101.76
2019-02-01,FY 2018-19,REF08,IOCL Guwahati,IOCL,PSU,85.66,102.8
2019-02-01,FY 2018-19,REF09,IOCL Digboi,IOCL,PSU,49.32,91.05
2019-02-01,FY 2018-19,REF10,BPCL Kochi,BPCL,PSU,1270.57,98.37
2019-02-01,FY 2018-19,REF11,BPCL Mumbai,BPCL,PSU,1012.36,101.24
2019-02-01,FY 2018-19,REF12,HPCL Mumbai,HPCL,PSU,813.73,102.79
2019-02-01,FY 2018-19,REF13,HPCL Visakhapatnam,HPCL,PSU,890.53,97.15
2019-02-01,FY 2018-19,REF14,CPCL Manali (Chennai),CPCL (IOCL),PSU,876.52,100.17
2019-02-01,FY 2018-19,REF15,MRPL Mangalore,MRPL (ONGC),PSU,1233.17,98.65
2019-02-01,FY 2018-19,REF16,NRL Numaligarh,NRL (OIL),PSU,254.74,101.9
2019-02-01,FY 2018-19,REF17,HMEL Bathinda (GGSR),HMEL (HPCL-Mittal),JV,1012.08,107.48
2019-02-01,FY 2018-19,REF18,BORL Bina,BPCL (BORL),PSU,647.76,99.65
2019-02-01,FY 2018-19,REF19,Reliance Jamnagar (DTA),Reliance Industries,Private,2856.84,103.88
2019-02-01,FY 2018-19,REF20,Reliance Jamnagar (SEZ Export),Reliance Industries,Private,3105.57,105.87
2019-02-01,FY 2018-19,REF21,Nayara Energy (Vadinar),Nayara Energy,Private,1886.75,113.2
2019-03-01,FY 2018-19,REF01,IOCL Panipat,IOCL,PSU,1219.66,97.57
2019-03-01,FY 2018-19,REF02,IOCL Koyali (Gujarat),IOCL,PSU,1098.19,96.19
2019-03-01,FY 2018-19,REF03,IOCL Paradip,IOCL,PSU,1242.72,99.42
2019-03-01,FY 2018-19,REF04,IOCL Mathura,IOCL,PSU,670.84,100.63
2019-03-01,FY 2018-19,REF05,IOCL Haldia,IOCL,PSU,618.02,98.88
2019-03-01,FY 2018-19,REF06,IOCL Barauni,IOCL,PSU,474.71,94.94
2019-03-01,FY 2018-19,REF07,IOCL Bongaigaon,IOCL,PSU,200.31,102.29
2019-03-01,FY 2018-19,REF08,IOCL Guwahati,IOCL,PSU,84.92,101.9
2019-03-01,FY 2018-19,REF09,IOCL Digboi,IOCL,PSU,56.21,103.77
2019-03-01,FY 2018-19,REF10,BPCL Kochi,BPCL,PSU,1315.04,101.81
2019-03-01,FY 2018-19,REF11,BPCL Mumbai,BPCL,PSU,1075.27,107.53
2019-03-01,FY 2018-19,REF12,HPCL Mumbai,HPCL,PSU,824.13,104.1
2019-03-01,FY 2018-19,REF13,HPCL Visakhapatnam,HPCL,PSU,946.11,103.21
2019-03-01,FY 2018-19,REF14,CPCL Manali (Chennai),CPCL (IOCL),PSU,925.77,105.8
2019-03-01,FY 2018-19,REF15,MRPL Mangalore,MRPL (ONGC),PSU,1269.52,101.56
2019-03-01,FY 2018-19,REF16,NRL Numaligarh,NRL (OIL),PSU,250.64,100.26
2019-03-01,FY 2018-19,REF17,HMEL Bathinda (GGSR),HMEL (HPCL-Mittal),JV,988.09,104.93
2019-03-01,FY 2018-19,REF18,BORL Bina,BPCL (BORL),PSU,605.77,93.2
2019-03-01,FY 2018-19,REF19,Reliance Jamnagar (DTA),Reliance Industries,Private,2981.85,108.43
2019-03-01,FY 2018-19,REF20,Reliance Jamnagar (SEZ Export),Reliance Industries,Private,3159.69,107.72
2019-03-01,FY 2018-19,REF21,Nayara Energy (Vadinar),Nayara Energy,Private,1820.98,109.26
2019-04-01,FY 2019-20,REF01,IOCL Panipat,IOCL,PSU,1314.59,105.17
2019-04-01,FY 2019-20,REF02,IOCL Koyali (Gujarat),IOCL,PSU,1179.73,103.33
2019-04-01,FY 2019-20,REF03,IOCL Paradip,IOCL,PSU,1227.16,98.17
2019-04-01,FY 2019-20,REF04,IOCL Mathura,IOCL,PSU,696.15,104.42
2019-04-01,FY 2019-20,REF05,IOCL Haldia,IOCL,PSU,672.49,107.6
2019-04-01,FY 2019-20,REF06,IOCL Barauni,IOCL,PSU,526.41,105.28
2019-04-01,FY 2019-20,REF07,IOCL Bongaigaon,IOCL,PSU,187.66,95.83
2019-04-01,FY 2019-20,REF08,IOCL Guwahati,IOCL,PSU,86.07,103.29
2019-04-01,FY 2019-20,REF09,IOCL Digboi,IOCL,PSU,52.19,96.35
2019-04-01,FY 2019-20,REF10,BPCL Kochi,BPCL,PSU,1289.95,99.87
2019-04-01,FY 2019-20,REF11,BPCL Mumbai,BPCL,PSU,1025.56,102.56
2019-04-01,FY 2019-20,REF12,HPCL Mumbai,HPCL,PSU,807.55,102.01
2019-04-01,FY 2019-20,REF13,HPCL Visakhapatnam,HPCL,PSU,964.29,105.19
2019-04-01,FY 2019-20,REF14,CPCL Manali (Chennai),CPCL (IOCL),PSU,941.69,107.62
2019-04-01,FY 2019-20,REF15,MRPL Mangalore,MRPL (ONGC),PSU,1287.06,102.96
2019-04-01,FY 2019-20,REF16,NRL Numaligarh,NRL (OIL),PSU,248.92,99.57
2019-04-01,FY 2019-20,REF17,HMEL Bathinda (GGSR),HMEL (HPCL-Mittal),JV,925.39,98.27
2019-04-01,FY 2019-20,REF18,BORL Bina,BPCL (BORL),PSU,690.78,106.27
2019-04-01,FY 2019-20,REF19,Reliance Jamnagar (DTA),Reliance Industries,Private,2962.64,107.73
2019-04-01,FY 2019-20,REF20,Reliance Jamnagar (SEZ Export),Reliance Industries,Private,3164.69,107.89
2019-04-01,FY 2019-20,REF21,Nayara Energy (Vadinar),Nayara Energy,Private,1802.07,108.12
2019-05-01,FY 2019-20,REF01,IOCL Panipat,IOCL,PSU,1284.65,102.77
2019-05-01,FY 2019-20,REF02,IOCL Koyali (Gujarat),IOCL,PSU,1174.71,102.89
2019-05-01,FY 2019-20,REF03,IOCL Paradip,IOCL,PSU,1249.12,99.93
2019-05-01,FY 2019-20,REF04,IOCL Mathura,IOCL,PSU,670.69,100.6
2019-05-01,FY 2019-20,REF05,IOCL Haldia,IOCL,PSU,616.18,98.59
2019-05-01,FY 2019-20,REF06,IOCL Barauni,IOCL,PSU,490.85,98.17
2019-05-01,FY 2019-20,REF07,IOCL Bongaigaon,IOCL,PSU,192.21,98.15
2019-05-01,FY 2019-20,REF08,IOCL Guwahati,IOCL,PSU,83.8,100.56
2019-05-01,FY 2019-20,REF09,IOCL Digboi,IOCL,PSU,52.77,97.41
2019-05-01,FY 2019-20,REF10,BPCL Kochi,BPCL,PSU,1154.39,89.37
2019-05-01,FY 2019-20,REF11,BPCL Mumbai,BPCL,PSU,995.01,99.5
2019-05-01,FY 2019-20,REF12,HPCL Mumbai,HPCL,PSU,760.4,96.05
2019-05-01,FY 2019-20,REF13,HPCL Visakhapatnam,HPCL,PSU,929.84,101.44
2019-05-01,FY 2019-20,REF14,CPCL Manali (Chennai),CPCL (IOCL),PSU,862.52,98.57
2019-05-01,FY 2019-20,REF15,MRPL Mangalore,MRPL (ONGC),PSU,1285.3,102.82
2019-05-01,FY 2019-20,REF16,NRL Numaligarh,NRL (OIL),PSU,240.96,96.38
2019-05-01,FY 2019-20,REF17,HMEL Bathinda (GGSR),HMEL (HPCL-Mittal),JV,929.84,98.74
2019-05-01,FY 2019-20,REF18,BORL Bina,BPCL (BORL),PSU,653.99,100.61
2019-05-01,FY 2019-20,REF19,Reliance Jamnagar (DTA),Reliance Industries,Private,2935.68,106.75
2019-05-01,FY 2019-20,REF20,Reliance Jamnagar (SEZ Export),Reliance Industries,Private,3052.09,104.05
2019-05-01,FY 2019-20,REF21,Nayara Energy (Vadinar),Nayara Energy,Private,1838.8,110.33
2019-06-01,FY 2019-20,REF01,IOCL Panipat,IOCL,PSU,1212.39,96.99
2019-06-01,FY 2019-20,REF02,IOCL Koyali (Gujarat),IOCL,PSU,1118.72,97.99
2019-06-01,FY 2019-20,REF03,IOCL Paradip,IOCL,PSU,1311.27,104.9
2019-06-01,FY 2019-20,REF04,IOCL Mathura,IOCL,PSU,687.08,103.06
2019-06-01,FY 2019-20,REF05,IOCL Haldia,IOCL,PSU,603.66,96.59
2019-06-01,FY 2019-20,REF06,IOCL Barauni,IOCL,PSU,498.38,99.68
2019-06-01,FY 2019-20,REF07,IOCL Bongaigaon,IOCL,PSU,188.42,96.21
2019-06-01,FY 2019-20,REF08,IOCL Guwahati,IOCL,PSU,87.15,104.57
2019-06-01,FY 2019-20,REF09,IOCL Digboi,IOCL,PSU,56.64,104.57
2019-06-01,FY 2019-20,REF10,BPCL Kochi,BPCL,PSU,1399.11,108.32
2019-06-01,FY 2019-20,REF11,BPCL Mumbai,BPCL,PSU,1101.27,110.13
2019-06-01,FY 2019-20,REF12,HPCL Mumbai,HPCL,PSU,780.02,98.53
2019-06-01,FY 2019-20,REF13,HPCL Visakhapatnam,HPCL,PSU,951.97,103.85
2019-06-01,FY 2019-20,REF14,CPCL Manali (Chennai),CPCL (IOCL),PSU,817.84,93.47
2019-06-01,FY 2019-20,REF15,MRPL Mangalore,MRPL (ONGC),PSU,1271.76,101.74
2019-06-01,FY 2019-20,REF16,NRL Numaligarh,NRL (OIL),PSU,256.75,102.7
2019-06-01,FY 2019-20,REF17,HMEL Bathinda (GGSR),HMEL (HPCL-Mittal),JV,952.43,101.14
2019-06-01,FY 2019-20,REF18,BORL Bina,BPCL (BORL),PSU,638.9,98.29
2019-06-01,FY 2019-20,REF19,Reliance Jamnagar (DTA),Reliance Industries,Private,3044.28,110.7
2019-06-01,FY 2019-20,REF20,Reliance Jamnagar (SEZ Export),Reliance Industries,Private,3207.71,109.35
2019-06-01,FY 2019-20,REF21,Nayara Energy (Vadinar),Nayara Energy,Private,1883.36,113.0
2019-07-01,FY 2019-20,REF01,IOCL Panipat,IOCL,PSU,1338.66,107.09
2019-07-01,FY 2019-20,REF02,IOCL Koyali (Gujarat),IOCL,PSU,1077.43,94.37
2019-07-01,FY 2019-20,REF03,IOCL Paradip,IOCL,PSU,1236.28,98.9
2019-07-01,FY 2019-20,REF04,IOCL Mathura,IOCL,PSU,645.33,96.8
2019-07-01,FY 2019-20,REF05,IOCL Haldia,IOCL,PSU,650.19,104.03
2019-07-01,FY 2019-20,REF06,IOCL Barauni,IOCL,PSU,510.68,102.14
2019-07-01,FY 2019-20,REF07,IOCL Bongaigaon,IOCL,PSU,190.05,97.05
2019-07-01,FY 2019-20,REF08,IOCL Guwahati,IOCL,PSU,81.34,97.61
2019-07-01,FY 2019-20,REF09,IOCL Digboi,IOCL,PSU,57.42,106.0
2019-07-01,FY 2019-20,REF10,BPCL Kochi,BPCL,PSU,833.94,64.56
2019-07-01,FY 2019-20,REF11,BPCL Mumbai,BPCL,PSU,928.97,92.9
2019-07-01,FY 2019-20,REF12,HPCL Mumbai,HPCL,PSU,765.67,96.72
2019-07-01,FY 2019-20,REF13,HPCL Visakhapatnam,HPCL,PSU,995.92,108.65
2019-07-01,FY 2019-20,REF14,CPCL Manali (Chennai),CPCL (IOCL),PSU,919.01,105.03
2019-07-01,FY 2019-20,REF15,MRPL Mangalore,MRPL (ONGC),PSU,1199.75,95.98
2019-07-01,FY 2019-20,REF16,NRL Numaligarh,NRL (OIL),PSU,254.35,101.74
2019-07-01,FY 2019-20,REF17,HMEL Bathinda (GGSR),HMEL (HPCL-Mittal),JV,1005.83,106.81
2019-07-01,FY 2019-20,REF18,BORL Bina,BPCL (BORL),PSU,613.12,94.33
2019-07-01,FY 2019-20,REF19,Reliance Jamnagar (DTA),Reliance Industries,Private,3057.35,111.18
2019-07-01,FY 2019-20,REF20,Reliance Jamnagar (SEZ Export),Reliance Industries,Private,3206.84,109.32
2019-07-01,FY 2019-20,REF21,Nayara Energy (Vadinar),Nayara Energy,Private,1763.34,105.8
2019-08-01,FY 2019-20,REF01,IOCL Panipat,IOCL,PSU,1292.66,103.41
2019-08-01,FY 2019-20,REF02,IOCL Koyali (Gujarat),IOCL,PSU,1166.7,102.19
2019-08-01,FY 2019-20,REF03,IOCL Paradip,IOCL,PSU,1280.88,102.47
2019-08-01,FY 2019-20,REF04,IOCL Mathura,IOCL,PSU,440.23,66.04
2019-08-01,FY 2019-20,REF05,IOCL Haldia,IOCL,PSU,609.22,97.48
2019-08-01,FY 2019-20,REF06,IOCL Barauni,IOCL,PSU,490.76,98.15
2019-08-01,FY 2019-20,REF07,IOCL Bongaigaon,IOCL,PSU,195.93,100.05
2019-08-01,FY 2019-20,REF08,IOCL Guwahati,IOCL,PSU,84.32,101.18
2019-08-01,FY 2019-20,REF09,IOCL Digboi,IOCL,PSU,56.15,103.66
2019-08-01,FY 2019-20,REF10,BPCL Kochi,BPCL,PSU,1404.88,108.76
2019-08-01,FY 2019-20,REF11,BPCL Mumbai,BPCL,PSU,1019.26,101.93
2019-08-01,FY 2019-20,REF12,HPCL Mumbai,HPCL,PSU,820.06,103.59
2019-08-01,FY 2019-20,REF13,HPCL Visakhapatnam,HPCL,PSU,958.15,104.53
2019-08-01,FY 2019-20,REF14,CPCL Manali (Chennai),CPCL (IOCL),PSU,590.84,67.52
2019-08-01,FY 2019-20,REF15,MRPL Mangalore,MRPL (ONGC),PSU,1216.69,97.33
2019-08-01,FY 2019-20,REF16,NRL Numaligarh,NRL (OIL),PSU,172.94,69.17
2019-08-01,FY 2019-20,REF17,HMEL Bathinda (GGSR),HMEL (HPCL-Mittal),JV,1012.39,107.51
2019-08-01,FY 2019-20,REF18,BORL Bina,BPCL (BORL),PSU,659.99,101.54
2019-08-01,FY 2019-20,REF19,Reliance Jamnagar (DTA),Reliance Industries,Private,2898.91,105.41
2019-08-01,FY 2019-20,REF20,Reliance Jamnagar (SEZ Export),Reliance Industries,Private,3170.64,108.09
2019-08-01,FY 2019-20,REF21,Nayara Energy (Vadinar),Nayara Energy,Private,1721.93,103.32
2019-09-01,FY 2019-20,REF01,IOCL Panipat,IOCL,PSU,1337.67,107.01
2019-09-01,FY 2019-20,REF02,IOCL Koyali (Gujarat),IOCL,PSU,1124.42,98.49
2019-09-01,FY 2019-20,REF03,IOCL Paradip,IOCL,PSU,1248.1,99.85
2019-09-01,FY 2019-20,REF04,IOCL Mathura,IOCL,PSU,711.16,106.67
2019-09-01,FY 2019-20,REF05,IOCL Haldia,IOCL,PSU,569.05,91.05
2019-09-01,FY 2019-20,REF06,IOCL Barauni,IOCL,PSU,530.54,106.11
2019-09-01,FY 2019-20,REF07,IOCL Bongaigaon,IOCL,PSU,200.44,102.35
2019-09-01,FY 2019-20,REF08,IOCL Guwahati,IOCL,PSU,89.75,107.71
2019-09-01,FY 2019-20,REF09,IOCL Digboi,IOCL,PSU,52.66,97.22
2019-09-01,FY 2019-20,REF10,BPCL Kochi,BPCL,PSU,1322.08,102.35
2019-09-01,FY 2019-20,REF11,BPCL Mumbai,BPCL,PSU,972.48,97.25
2019-09-01,FY 2019-20,REF12,HPCL Mumbai,HPCL,PSU,834.44,105.4
2019-09-01,FY 2019-20,REF13,HPCL Visakhapatnam,HPCL,PSU,964.75,105.25
2019-09-01,FY 2019-20,REF14,CPCL Manali (Chennai),CPCL (IOCL),PSU,945.39,108.04
2019-09-01,FY 2019-20,REF15,MRPL Mangalore,MRPL (ONGC),PSU,1262.48,101.0
2019-09-01,FY 2019-20,REF16,NRL Numaligarh,NRL (OIL),PSU,273.36,109.34
2019-09-01,FY 2019-20,REF17,HMEL Bathinda (GGSR),HMEL (HPCL-Mittal),JV,950.67,100.96
2019-09-01,FY 2019-20,REF18,BORL Bina,BPCL (BORL),PSU,655.1,100.78
2019-09-01,FY 2019-20,REF19,Reliance Jamnagar (DTA),Reliance Industries,Private,2888.96,105.05
2019-09-01,FY 2019-20,REF20,Reliance Jamnagar (SEZ Export),Reliance Industries,Private,3185.26,108.59
2019-09-01,FY 2019-20,REF21,Nayara Energy (Vadinar),Nayara Energy,Private,1754.8,105.29
2019-10-01,FY 2019-20,REF01,IOCL Panipat,IOCL,PSU,1317.69,105.42
2019-10-01,FY 2019-20,REF02,IOCL Koyali (Gujarat),IOCL,PSU,1174.78,102.9
2019-10-01,FY 2019-20,REF03,IOCL Paradip,IOCL,PSU,1207.89,96.63
2019-10-01,FY 2019-20,REF04,IOCL Mathura,IOCL,PSU,695.59,104.34
2019-10-01,FY 2019-20,REF05,IOCL Haldia,IOCL,PSU,671.0,107.36
2019-10-01,FY 2019-20,REF06,IOCL Barauni,IOCL,PSU,516.48,103.3
2019-10-01,FY 2019-20,REF07,IOCL Bongaigaon,IOCL,PSU,187.09,95.54
2019-10-01,FY 2019-20,REF08,IOCL Guwahati,IOCL,PSU,83.67,100.4
2019-10-01,FY 2019-20,REF09,IOCL Digboi,IOCL,PSU,56.24,103.82
2019-10-01,FY 2019-20,REF10,BPCL Kochi,BPCL,PSU,1292.04,100.03
2019-10-01,FY 2019-20,REF11,BPCL Mumbai,BPCL,PSU,968.95,96.89
2019-10-01,FY 2019-20,REF12,HPCL Mumbai,HPCL,PSU,838.53,105.92
2019-10-01,FY 2019-20,REF13,HPCL Visakhapatnam,HPCL,PSU,915.41,99.86
2019-10-01,FY 2019-20,REF14,CPCL Manali (Chennai),CPCL (IOCL),PSU,939.42,107.36
2019-10-01,FY 2019-20,REF15,MRPL Mangalore,MRPL (ONGC),PSU,1236.53,98.92
2019-10-01,FY 2019-20,REF16,NRL Numaligarh,NRL (OIL),PSU,249.09,99.64
2019-10-01,FY 2019-20,REF17,HMEL Bathinda (GGSR),HMEL (HPCL-Mittal),JV,962.56,102.22
2019-10-01,FY 2019-20,REF18,BORL Bina,BPCL (BORL),PSU,652.19,100.34
2019-10-01,FY 2019-20,REF19,Reliance Jamnagar (DTA),Reliance Industries,Private,3007.8,109.37
2019-10-01,FY 2019-20,REF20,Reliance Jamnagar (SEZ Export),Reliance Industries,Private,3081.78,105.06
2019-10-01,FY 2019-20,REF21,Nayara Energy (Vadinar),Nayara Energy,Private,1742.33,104.54
2019-11-01,FY 2019-20,REF01,IOCL Panipat,IOCL,PSU,1178.13,94.25
2019-11-01,FY 2019-20,REF02,IOCL Koyali (Gujarat),IOCL,PSU,1071.16,93.82
2019-11-01,FY 2019-20,REF03,IOCL Paradip,IOCL,PSU,1194.73,95.58
2019-11-01,FY 2019-20,REF04,IOCL Mathura,IOCL,PSU,659.31,98.9
2019-11-01,FY 2019-20,REF05,IOCL Haldia,IOCL,PSU,635.69,101.71
2019-11-01,FY 2019-20,REF06,IOCL Barauni,IOCL,PSU,513.01,102.6
2019-11-01,FY 2019-20,REF07,IOCL Bongaigaon,IOCL,PSU,198.82,101.52
2019-11-01,FY 2019-20,REF08,IOCL Guwahati,IOCL,PSU,89.0,106.8
2019-11-01,FY 2019-20,REF09,IOCL Digboi,IOCL,PSU,58.62,108.23
2019-11-01,FY 2019-20,REF10,BPCL Kochi,BPCL,PSU,1290.13,99.88
2019-11-01,FY 2019-20,REF11,BPCL Mumbai,BPCL,PSU,971.42,97.14
2019-11-01,FY 2019-20,REF12,HPCL Mumbai,HPCL,PSU,868.14,109.66
2019-11-01,FY 2019-20,REF13,HPCL Visakhapatnam,HPCL,PSU,969.49,105.76
2019-11-01,FY 2019-20,REF14,CPCL Manali (Chennai),CPCL (IOCL),PSU,922.46,105.42
2019-11-01,FY 2019-20,REF15,MRPL Mangalore,MRPL (ONGC),PSU,1234.3,98.74
2019-11-01,FY 2019-20,REF16,NRL Numaligarh,NRL (OIL),PSU,261.12,104.45
2019-11-01,FY 2019-20,REF17,HMEL Bathinda (GGSR),HMEL (HPCL-Mittal),JV,983.26,104.42
2019-11-01,FY 2019-20,REF18,BORL Bina,BPCL (BORL),PSU,654.58,100.7
2019-11-01,FY 2019-20,REF19,Reliance Jamnagar (DTA),Reliance Industries,Private,2963.76,107.77
2019-11-01,FY 2019-20,REF20,Reliance Jamnagar (SEZ Export),Reliance Industries,Private,3212.49,109.52
2019-11-01,FY 2019-20,REF21,Nayara Energy (Vadinar),Nayara Energy,Private,1874.46,112.47
2019-12-01,FY 2019-20,REF01,IOCL Panipat,IOCL,PSU,1376.07,110.09
2019-12-01,FY 2019-20,REF02,IOCL Koyali (Gujarat),IOCL,PSU,1134.62,99.38
2019-12-01,FY 2019-20,REF03,IOCL Paradip,IOCL,PSU,1272.27,101.78
2019-12-01,FY 2019-20,REF04,IOCL Mathura,IOCL,PSU,670.7,100.6
2019-12-01,FY 2019-20,REF05,IOCL Haldia,IOCL,PSU,642.15,102.74
2019-12-01,FY 2019-20,REF06,IOCL Barauni,IOCL,PSU,454.36,90.87
2019-12-01,FY 2019-20,REF07,IOCL Bongaigaon,IOCL,PSU,196.05,100.11
2019-12-01,FY 2019-20,REF08,IOCL Guwahati,IOCL,PSU,90.99,109.19
2019-12-01,FY 2019-20,REF09,IOCL Digboi,IOCL,PSU,53.25,98.3
2019-12-01,FY 2019-20,REF10,BPCL Kochi,BPCL,PSU,1283.76,99.39
2019-12-01,FY 2019-20,REF11,BPCL Mumbai,BPCL,PSU,988.0,98.8
2019-12-01,FY 2019-20,REF12,HPCL Mumbai,HPCL,PSU,794.93,100.41
2019-12-01,FY 2019-20,REF13,HPCL Visakhapatnam,HPCL,PSU,878.44,95.83
2019-12-01,FY 2019-20,REF14,CPCL Manali (Chennai),CPCL (IOCL),PSU,865.12,98.87
2019-12-01,FY 2019-20,REF15,MRPL Mangalore,MRPL (ONGC),PSU,1283.79,102.7
2019-12-01,FY 2019-20,REF16,NRL Numaligarh,NRL (OIL),PSU,256.68,102.67
2019-12-01,FY 2019-20,REF17,HMEL Bathinda (GGSR),HMEL (HPCL-Mittal),JV,986.47,104.76
2019-12-01,FY 2019-20,REF18,BORL Bina,BPCL (BORL),PSU,692.5,106.54
2019-12-01,FY 2019-20,REF19,Reliance Jamnagar (DTA),Reliance Industries,Private,3008.49,109.4
2019-12-01,FY 2019-20,REF20,Reliance Jamnagar (SEZ Export),Reliance Industries,Private,3286.47,112.04
2019-12-01,FY 2019-20,REF21,Nayara Energy (Vadinar),Nayara Energy,Private,1913.62,114.82
2020-01-01,FY 2019-20,REF01,IOCL Panipat,IOCL,PSU,1306.95,104.56
2020-01-01,FY 2019-20,REF02,IOCL Koyali (Gujarat),IOCL,PSU,1094.25,95.85
2020-01-01,FY 2019-20,REF03,IOCL Paradip,IOCL,PSU,1277.14,102.17
2020-01-01,FY 2019-20,REF04,IOCL Mathura,IOCL,PSU,677.09,101.56
2020-01-01,FY 2019-20,REF05,IOCL Haldia,IOCL,PSU,670.97,107.35
2020-01-01,FY 2019-20,REF06,IOCL Barauni,IOCL,PSU,502.77,100.55
2020-01-01,FY 2019-20,REF07,IOCL Bongaigaon,IOCL,PSU,191.49,97.78
2020-01-01,FY 2019-20,REF08,IOCL Guwahati,IOCL,PSU,82.57,99.09
2020-01-01,FY 2019-20,REF09,IOCL Digboi,IOCL,PSU,51.99,95.98
2020-01-01,FY 2019-20,REF10,BPCL Kochi,BPCL,PSU,1153.23,89.28
2020-01-01,FY 2019-20,REF11,BPCL Mumbai,BPCL,PSU,1092.12,109.21
2020-01-01,FY 2019-20,REF12,HPCL Mumbai,HPCL,PSU,800.18,101.08
2020-01-01,FY 2019-20,REF13,HPCL Visakhapatnam,HPCL,PSU,882.87,96.31
2020-01-01,FY 2019-20,REF14,CPCL Manali (Chennai),CPCL (IOCL),PSU,943.1,107.78
2020-01-01,FY 2019-20,REF15,MRPL Mangalore,MRPL (ONGC),PSU,1357.36,108.59
2020-01-01,FY 2019-20,REF16,NRL Numaligarh,NRL (OIL),PSU,254.25,101.7
2020-01-01,FY 2019-20,REF17,HMEL Bathinda (GGSR),HMEL (HPCL-Mittal),JV,941.57,99.99
2020-01-01,FY 2019-20,REF18,BORL Bina,BPCL (BORL),PSU,644.68,99.18
2020-01-01,FY 2019-20,REF19,Reliance Jamnagar (DTA),Reliance Industries,Private,2951.96,107.34
2020-01-01,FY 2019-20,REF20,Reliance Jamnagar (SEZ Export),Reliance Industries,Private,3172.6,108.16
2020-01-01,FY 2019-20,REF21,Nayara Energy (Vadinar),Nayara Energy,Private,1746.97,104.82
2020-02-01,FY 2019-20,REF01,IOCL Panipat,IOCL,PSU,1311.39,104.91
2020-02-01,FY 2019-20,REF02,IOCL Koyali (Gujarat),IOCL,PSU,687.0,60.18
2020-02-01,FY 2019-20,REF03,IOCL Paradip,IOCL,PSU,1320.18,105.61
2020-02-01,FY 2019-20,REF04,IOCL Mathura,IOCL,PSU,710.3,106.55
2020-02-01,FY 2019-20,REF05,IOCL Haldia,IOCL,PSU,622.22,99.55
2020-02-01,FY 2019-20,REF06,IOCL Barauni,IOCL,PSU,503.72,100.74
2020-02-01,FY 2019-20,REF07,IOCL Bongaigaon,IOCL,PSU,209.78,107.12
2020-02-01,FY 2019-20,REF08,IOCL Guwahati,IOCL,PSU,86.38,103.66
2020-02-01,FY 2019-20,REF09,IOCL Digboi,IOCL,PSU,54.0,99.69
2020-02-01,FY 2019-20,REF10,BPCL Kochi,BPCL,PSU,1293.55,100.15
2020-02-01,FY 2019-20,REF11,BPCL Mumbai,BPCL,PSU,1030.46,103.05
2020-02-01,FY 2019-20,REF12,HPCL Mumbai,HPCL,PSU,860.86,108.74
2020-02-01,FY 2019-20,REF13,HPCL Visakhapatnam,HPCL,PSU,919.12,100.27
2020-02-01,FY 2019-20,REF14,CPCL Manali (Chennai),CPCL (IOCL),PSU,871.27,99.57
2020-02-01,FY 2019-20,REF15,MRPL Mangalore,MRPL (ONGC),PSU,1264.76,101.18
2020-02-01,FY 2019-20,REF16,NRL Numaligarh,NRL (OIL),PSU,253.01,101.2
2020-02-01,FY 2019-20,REF17,HMEL Bathinda (GGSR),HMEL (HPCL-Mittal),JV,988.46,104.97
2020-02-01,FY 2019-20,REF18,BORL Bina,BPCL (BORL),PSU,654.91,100.76
2020-02-01,FY 2019-20,REF19,Reliance Jamnagar (DTA),Reliance Industries,Private,3070.72,111.66
2020-02-01,FY 2019-20,REF20,Reliance Jamnagar (SEZ Export),Reliance Industries,Private,3090.84,105.37
2020-02-01,FY 2019-20,REF21,Nayara Energy (Vadinar),Nayara Energy,Private,1821.74,109.3
2020-03-01,FY 2019-20,REF01,IOCL Panipat,IOCL,PSU,1286.27,102.9
2020-03-01,FY 2019-20,REF02,IOCL Koyali (Gujarat),IOCL,PSU,1116.75,97.82
2020-03-01,FY 2019-20,REF03,IOCL Paradip,IOCL,PSU,1283.72,102.7
2020-03-01,FY 2019-20,REF04,IOCL Mathura,IOCL,PSU,686.74,103.01
2020-03-01,FY 2019-20,REF05,IOCL Haldia,IOCL,PSU,568.92,91.03
2020-03-01,FY 2019-20,REF06,IOCL Barauni,IOCL,PSU,485.69,97.14
2020-03-01,FY 2019-20,REF07,IOCL Bongaigaon,IOCL,PSU,210.55,107.52
2020-03-01,FY 2019-20,REF08,IOCL Guwahati,IOCL,PSU,82.23,98.67
2020-03-01,FY 2019-20,REF09,IOCL Digboi,IOCL,PSU,52.16,96.3
2020-03-01,FY 2019-20,REF10,BPCL Kochi,BPCL,PSU,1209.95,93.67
2020-03-01,FY 2019-20,REF11,BPCL Mumbai,BPCL,PSU,967.95,96.79
2020-03-01,FY 2019-20,REF12,HPCL Mumbai,HPCL,PSU,796.31,100.59
2020-03-01,FY 2019-20,REF13,HPCL Visakhapatnam,HPCL,PSU,880.4,96.04
2020-03-01,FY 2019-20,REF14,CPCL Manali (Chennai),CPCL (IOCL),PSU,907.51,103.72
2020-03-01,FY 2019-20,REF15,MRPL Mangalore,MRPL (ONGC),PSU,1221.88,97.75
2020-03-01,FY 2019-20,REF16,NRL Numaligarh,NRL (OIL),PSU,255.81,102.32
2020-03-01,FY 2019-20,REF17,HMEL Bathinda (GGSR),HMEL (HPCL-Mittal),JV,1020.32,108.35
2020-03-01,FY 2019-20,REF18,BORL Bina,BPCL (BORL),PSU,692.29,106.51
2020-03-01,FY 2019-20,REF19,Reliance Jamnagar (DTA),Reliance Industries,Private,2995.83,108.94
2020-03-01,FY 2019-20,REF20,Reliance Jamnagar (SEZ Export),Reliance Industries,Private,3070.18,104.67
2020-03-01,FY 2019-20,REF21,Nayara Energy (Vadinar),Nayara Energy,Private,1798.21,107.89
2020-04-01,FY 2020-21,REF01,IOCL Panipat,IOCL,PSU,870.29,69.62
2020-04-01,FY 2020-21,REF02,IOCL Koyali (Gujarat),IOCL,PSU,560.36,49.08
2020-04-01,FY 2020-21,REF03,IOCL Paradip,IOCL,PSU,795.94,63.67
2020-04-01,FY 2020-21,REF04,IOCL Mathura,IOCL,PSU,457.28,68.59
2020-04-01,FY 2020-21,REF05,IOCL Haldia,IOCL,PSU,440.14,70.42
2020-04-01,FY 2020-21,REF06,IOCL Barauni,IOCL,PSU,345.07,69.01
2020-04-01,FY 2020-21,REF07,IOCL Bongaigaon,IOCL,PSU,135.74,69.31
2020-04-01,FY 2020-21,REF08,IOCL Guwahati,IOCL,PSU,55.52,66.62
2020-04-01,FY 2020-21,REF09,IOCL Digboi,IOCL,PSU,38.61,71.29
2020-04-01,FY 2020-21,REF10,BPCL Kochi,BPCL,PSU,888.93,68.82
2020-04-01,FY 2020-21,REF11,BPCL Mumbai,BPCL,PSU,693.03,69.3
2020-04-01,FY 2020-21,REF12,HPCL Mumbai,HPCL,PSU,566.85,71.6
2020-04-01,FY 2020-21,REF13,HPCL Visakhapatnam,HPCL,PSU,622.15,67.87
2020-04-01,FY 2020-21,REF14,CPCL Manali (Chennai),CPCL (IOCL),PSU,632.18,72.25
2020-04-01,FY 2020-21,REF15,MRPL Mangalore,MRPL (ONGC),PSU,815.32,65.23
2020-04-01,FY 2020-21,REF16,NRL Numaligarh,NRL (OIL),PSU,173.65,69.46
2020-04-01,FY 2020-21,REF17,HMEL Bathinda (GGSR),HMEL (HPCL-Mittal),JV,650.28,69.06
2020-04-01,FY 2020-21,REF18,BORL Bina,BPCL (BORL),PSU,427.57,65.78
2020-04-01,FY 2020-21,REF19,Reliance Jamnagar (DTA),Reliance Industries,Private,2127.33,77.36
2020-04-01,FY 2020-21,REF20,Reliance Jamnagar (SEZ Export),Reliance Industries,Private,2081.06,70.95
2020-04-01,FY 2020-21,REF21,Nayara Energy (Vadinar),Nayara Energy,Private,1226.42,73.59
2020-05-01,FY 2020-21,REF01,IOCL Panipat,IOCL,PSU,814.52,65.16
2020-05-01,FY 2020-21,REF02,IOCL Koyali (Gujarat),IOCL,PSU,534.68,46.83
2020-05-01,FY 2020-21,REF03,IOCL Paradip,IOCL,PSU,845.03,67.6
2020-05-01,FY 2020-21,REF04,IOCL Mathura,IOCL,PSU,477.24,71.59
2020-05-01,FY 2020-21,REF05,IOCL Haldia,IOCL,PSU,439.52,70.32
2020-05-01,FY 2020-21,REF06,IOCL Barauni,IOCL,PSU,374.73,74.95
2020-05-01,FY 2020-21,REF07,IOCL Bongaigaon,IOCL,PSU,126.62,64.66
2020-05-01,FY 2020-21,REF08,IOCL Guwahati,IOCL,PSU,55.03,66.03
2020-05-01,FY 2020-21,REF09,IOCL Digboi,IOCL,PSU,38.69,71.42
2020-05-01,FY 2020-21,REF10,BPCL Kochi,BPCL,PSU,898.93,69.59
2020-05-01,FY 2020-21,REF11,BPCL Mumbai,BPCL,PSU,680.61,68.06
2020-05-01,FY 2020-21,REF12,HPCL Mumbai,HPCL,PSU,587.86,74.26
2020-05-01,FY 2020-21,REF13,HPCL Visakhapatnam,HPCL,PSU,629.58,68.68
2020-05-01,FY 2020-21,REF14,CPCL Manali (Chennai),CPCL (IOCL),PSU,582.39,66.56
2020-05-01,FY 2020-21,REF15,MRPL Mangalore,MRPL (ONGC),PSU,895.29,71.62
2020-05-01,FY 2020-21,REF16,NRL Numaligarh,NRL (OIL),PSU,171.93,68.77
2020-05-01,FY 2020-21,REF17,HMEL Bathinda (GGSR),HMEL (HPCL-Mittal),JV,668.09,70.95
2020-05-01,FY 2020-21,REF18,BORL Bina,BPCL (BORL),PSU,458.67,70.56
2020-05-01,FY 2020-21,REF19,Reliance Jamnagar (DTA),Reliance Industries,Private,2060.81,74.94
2020-05-01,FY 2020-21,REF20,Reliance Jamnagar (SEZ Export),Reliance Industries,Private,2095.25,71.43
2020-05-01,FY 2020-21,REF21,Nayara Energy (Vadinar),Nayara Energy,Private,1214.34,72.86
2020-06-01,FY 2020-21,REF01,IOCL Panipat,IOCL,PSU,1193.86,95.51
2020-06-01,FY 2020-21,REF02,IOCL Koyali (Gujarat),IOCL,PSU,1169.13,102.41
2020-06-01,FY 2020-21,REF03,IOCL Paradip,IOCL,PSU,1357.39,108.59
2020-06-01,FY 2020-21,REF04,IOCL Mathura,IOCL,PSU,648.06,97.21
2020-06-01,FY 2020-21,REF05,IOCL Haldia,IOCL,PSU,592.68,94.83
2020-06-01,FY 2020-21,REF06,IOCL Barauni,IOCL,PSU,492.34,98.47
2020-06-01,FY 2020-21,REF07,IOCL Bongaigaon,IOCL,PSU,195.94,100.06
2020-06-01,FY 2020-21,REF08,IOCL Guwahati,IOCL,PSU,86.65,103.98
2020-06-01,FY 2020-21,REF09,IOCL Digboi,IOCL,PSU,53.97,99.64
2020-06-01,FY 2020-21,REF10,BPCL Kochi,BPCL,PSU,1323.7,102.48
2020-06-01,FY 2020-21,REF11,BPCL Mumbai,BPCL,PSU,990.12,99.01
2020-06-01,FY 2020-21,REF12,HPCL Mumbai,HPCL,PSU,793.8,100.27
2020-06-01,FY 2020-21,REF13,HPCL Visakhapatnam,HPCL,PSU,896.1,97.76
2020-06-01,FY 2020-21,REF14,CPCL Manali (Chennai),CPCL (IOCL),PSU,844.76,96.54
2020-06-01,FY 2020-21,REF15,MRPL Mangalore,MRPL (ONGC),PSU,1301.64,104.13
2020-06-01,FY 2020-21,REF16,NRL Numaligarh,NRL (OIL),PSU,248.19,99.28
2020-06-01,FY 2020-21,REF17,HMEL Bathinda (GGSR),HMEL (HPCL-Mittal),JV,991.9,105.33
2020-06-01,FY 2020-21,REF18,BORL Bina,BPCL (BORL),PSU,635.03,97.7
2020-06-01,FY 2020-21,REF19,Reliance Jamnagar (DTA),Reliance Industries,Private,2970.59,108.02
2020-06-01,FY 2020-21,REF20,Reliance Jamnagar (SEZ Export),Reliance Industries,Private,2984.39,101.74
2020-06-01,FY 2020-21,REF21,Nayara Energy (Vadinar),Nayara Energy,Private,1782.0,106.92
2020-07-01,FY 2020-21,REF01,IOCL Panipat,IOCL,PSU,1226.1,98.09
2020-07-01,FY 2020-21,REF02,IOCL Koyali (Gujarat),IOCL,PSU,1207.55,105.77
2020-07-01,FY 2020-21,REF03,IOCL Paradip,IOCL,PSU,1199.61,95.97
2020-07-01,FY 2020-21,REF04,IOCL Mathura,IOCL,PSU,669.54,100.43
2020-07-01,FY 2020-21,REF05,IOCL Haldia,IOCL,PSU,639.72,102.35
2020-07-01,FY 2020-21,REF06,IOCL Barauni,IOCL,PSU,525.59,105.12
2020-07-01,FY 2020-21,REF07,IOCL Bongaigaon,IOCL,PSU,204.62,104.49
2020-07-01,FY 2020-21,REF08,IOCL Guwahati,IOCL,PSU,83.95,100.74
2020-07-01,FY 2020-21,REF09,IOCL Digboi,IOCL,PSU,54.87,101.29
2020-07-01,FY 2020-21,REF10,BPCL Kochi,BPCL,PSU,1366.15,105.77
2020-07-01,FY 2020-21,REF11,BPCL Mumbai,BPCL,PSU,1006.65,100.67
2020-07-01,FY 2020-21,REF12,HPCL Mumbai,HPCL,PSU,805.24,101.71
2020-07-01,FY 2020-21,REF13,HPCL Visakhapatnam,HPCL,PSU,970.9,105.92
2020-07-01,FY 2020-21,REF14,CPCL Manali (Chennai),CPCL (IOCL),PSU,970.73,110.94
2020-07-01,FY 2020-21,REF15,MRPL Mangalore,MRPL (ONGC),PSU,1275.74,102.06
2020-07-01,FY 2020-21,REF16,NRL Numaligarh,NRL (OIL),PSU,257.83,103.13
2020-07-01,FY 2020-21,REF17,HMEL Bathinda (GGSR),HMEL (HPCL-Mittal),JV,1003.05,106.52
2020-07-01,FY 2020-21,REF18,BORL Bina,BPCL (BORL),PSU,688.17,105.87
2020-07-01,FY 2020-21,REF19,Reliance Jamnagar (DTA),Reliance Industries,Private,3057.23,111.17
2020-07-01,FY 2020-21,REF20,Reliance Jamnagar (SEZ Export),Reliance Industries,Private,3117.69,106.28
2020-07-01,FY 2020-21,REF21,Nayara Energy (Vadinar),Nayara Energy,Private,1816.63,109.0
2020-08-01,FY 2020-21,REF01,IOCL Panipat,IOCL,PSU,1315.76,105.26
2020-08-01,FY 2020-21,REF02,IOCL Koyali (Gujarat),IOCL,PSU,1219.42,106.81
2020-08-01,FY 2020-21,REF03,IOCL Paradip,IOCL,PSU,1255.48,100.44
2020-08-01,FY 2020-21,REF04,IOCL Mathura,IOCL,PSU,681.54,102.23
2020-08-01,FY 2020-21,REF05,IOCL Haldia,IOCL,PSU,641.85,102.7
2020-08-01,FY 2020-21,REF06,IOCL Barauni,IOCL,PSU,505.79,101.16
2020-08-01,FY 2020-21,REF07,IOCL Bongaigaon,IOCL,PSU,199.99,102.12
2020-08-01,FY 2020-21,REF08,IOCL Guwahati,IOCL,PSU,77.06,92.47
2020-08-01,FY 2020-21,REF09,IOCL Digboi,IOCL,PSU,61.74,113.97
2020-08-01,FY 2020-21,REF10,BPCL Kochi,BPCL,PSU,1423.83,110.23
2020-08-01,FY 2020-21,REF11,BPCL Mumbai,BPCL,PSU,1002.74,100.27
2020-08-01,FY 2020-21,REF12,HPCL Mumbai,HPCL,PSU,796.22,100.57
2020-08-01,FY 2020-21,REF13,HPCL Visakhapatnam,HPCL,PSU,865.77,94.45
2020-08-01,FY 2020-21,REF14,CPCL Manali (Chennai),CPCL (IOCL),PSU,821.23,93.85
2020-08-01,FY 2020-21,REF15,MRPL Mangalore,MRPL (ONGC),PSU,1287.34,102.99
2020-08-01,FY 2020-21,REF16,NRL Numaligarh,NRL (OIL),PSU,263.2,105.28
2020-08-01,FY 2020-21,REF17,HMEL Bathinda (GGSR),HMEL (HPCL-Mittal),JV,1003.57,106.57
2020-08-01,FY 2020-21,REF18,BORL Bina,BPCL (BORL),PSU,634.97,97.69
2020-08-01,FY 2020-21,REF19,Reliance Jamnagar (DTA),Reliance Industries,Private,3035.44,110.38
2020-08-01,FY 2020-21,REF20,Reliance Jamnagar (SEZ Export),Reliance Industries,Private,3157.26,107.63
2020-08-01,FY 2020-21,REF21,Nayara Energy (Vadinar),Nayara Energy,Private,1781.47,106.89
2020-09-01,FY 2020-21,REF01,IOCL Panipat,IOCL,PSU,776.81,62.15
2020-09-01,FY 2020-21,REF02,IOCL Koyali (Gujarat),IOCL,PSU,1120.45,98.14
2020-09-01,FY 2020-21,REF03,IOCL Paradip,IOCL,PSU,1288.56,103.09
2020-09-01,FY 2020-21,REF04,IOCL Mathura,IOCL,PSU,681.91,102.29
2020-09-01,FY 2020-21,REF05,IOCL Haldia,IOCL,PSU,635.45,101.67
2020-09-01,FY 2020-21,REF06,IOCL Barauni,IOCL,PSU,461.46,92.29
2020-09-01,FY 2020-21,REF07,IOCL Bongaigaon,IOCL,PSU,199.19,101.71
2020-09-01,FY 2020-21,REF08,IOCL Guwahati,IOCL,PSU,82.21,98.66
2020-09-01,FY 2020-21,REF09,IOCL Digboi,IOCL,PSU,55.42,102.32
2020-09-01,FY 2020-21,REF10,BPCL Kochi,BPCL,PSU,1369.31,106.01
2020-09-01,FY 2020-21,REF11,BPCL Mumbai,BPCL,PSU,992.07,99.21
2020-09-01,FY 2020-21,REF12,HPCL Mumbai,HPCL,PSU,802.86,101.41
2020-09-01,FY 2020-21,REF13,HPCL Visakhapatnam,HPCL,PSU,1000.71,109.17
2020-09-01,FY 2020-21,REF14,CPCL Manali (Chennai),CPCL (IOCL),PSU,893.46,102.11
2020-09-01,FY 2020-21,REF15,MRPL Mangalore,MRPL (ONGC),PSU,1261.39,100.91
2020-09-01,FY 2020-21,REF16,NRL Numaligarh,NRL (OIL),PSU,244.37,97.75
2020-09-01,FY 2020-21,REF17,HMEL Bathinda (GGSR),HMEL (HPCL-Mittal),JV,1002.59,106.47
2020-09-01,FY 2020-21,REF18,BORL Bina,BPCL (BORL),PSU,410.24,63.11
2020-09-01,FY 2020-21,REF19,Reliance Jamnagar (DTA),Reliance Industries,Private,3077.54,111.91
2020-09-01,FY 2020-21,REF20,Reliance Jamnagar (SEZ Export),Reliance Industries,Private,3226.49,109.99
2020-09-01,FY 2020-21,REF21,Nayara Energy (Vadinar),Nayara Energy,Private,1772.35,106.34
2020-10-01,FY 2020-21,REF01,IOCL Panipat,IOCL,PSU,1223.4,97.87
2020-10-01,FY 2020-21,REF02,IOCL Koyali (Gujarat),IOCL,PSU,1118.39,97.96
2020-10-01,FY 2020-21,REF03,IOCL Paradip,IOCL,PSU,1173.95,93.92
2020-10-01,FY 2020-21,REF04,IOCL Mathura,IOCL,PSU,685.91,102.89
2020-10-01,FY 2020-21,REF05,IOCL Haldia,IOCL,PSU,579.36,92.7
2020-10-01,FY 2020-21,REF06,IOCL Barauni,IOCL,PSU,503.28,100.66
2020-10-01,FY 2020-21,REF07,IOCL Bongaigaon,IOCL,PSU,196.61,100.4
2020-10-01,FY 2020-21,REF08,IOCL Guwahati,IOCL,PSU,83.08,99.69
2020-10-01,FY 2020-21,REF09,IOCL Digboi,IOCL,PSU,55.71,102.86
2020-10-01,FY 2020-21,REF10,BPCL Kochi,BPCL,PSU,1276.14,98.8
2020-10-01,FY 2020-21,REF11,BPCL Mumbai,BPCL,PSU,1017.24,101.72
2020-10-01,FY 2020-21,REF12,HPCL Mumbai,HPCL,PSU,840.85,106.21
2020-10-01,FY 2020-21,REF13,HPCL Visakhapatnam,HPCL,PSU,947.33,103.34
2020-10-01,FY 2020-21,REF14,CPCL Manali (Chennai),CPCL (IOCL),PSU,869.32,99.35
2020-10-01,FY 2020-21,REF15,MRPL Mangalore,MRPL (ONGC),PSU,1262.89,101.03
2020-10-01,FY 2020-21,REF16,NRL Numaligarh,NRL (OIL),PSU,249.24,99.7
2020-10-01,FY 2020-21,REF17,HMEL Bathinda (GGSR),HMEL (HPCL-Mittal),JV,974.69,103.51
2020-10-01,FY 2020-21,REF18,BORL Bina,BPCL (BORL),PSU,662.01,101.85
2020-10-01,FY 2020-21,REF19,Reliance Jamnagar (DTA),Reliance Industries,Private,2855.45,103.83
2020-10-01,FY 2020-21,REF20,Reliance Jamnagar (SEZ Export),Reliance Industries,Private,3027.18,103.2
2020-10-01,FY 2020-21,REF21,Nayara Energy (Vadinar),Nayara Energy,Private,1755.36,105.32
2020-11-01,FY 2020-21,REF01,IOCL Panipat,IOCL,PSU,1288.18,103.05
2020-11-01,FY 2020-21,REF02,IOCL Koyali (Gujarat),IOCL,PSU,1182.99,103.62
2020-11-01,FY 2020-21,REF03,IOCL Paradip,IOCL,PSU,1303.04,104.24
2020-11-01,FY 2020-21,REF04,IOCL Mathura,IOCL,PSU,650.49,97.57
2020-11-01,FY 2020-21,REF05,IOCL Haldia,IOCL,PSU,633.69,101.39
2020-11-01,FY 2020-21,REF06,IOCL Barauni,IOCL,PSU,497.34,99.47
2020-11-01,FY 2020-21,REF07,IOCL Bongaigaon,IOCL,PSU,196.82,100.51
2020-11-01,FY 2020-21,REF08,IOCL Guwahati,IOCL,PSU,82.83,99.4
2020-11-01,FY 2020-21,REF09,IOCL Digboi,IOCL,PSU,55.29,102.08
2020-11-01,FY 2020-21,REF10,BPCL Kochi,BPCL,PSU,1269.96,98.32
2020-11-01,FY 2020-21,REF11,BPCL Mumbai,BPCL,PSU,1056.87,105.69
2020-11-01,FY 2020-21,REF12,HPCL Mumbai,HPCL,PSU,837.01,105.73
2020-11-01,FY 2020-21,REF13,HPCL Visakhapatnam,HPCL,PSU,943.47,102.92
2020-11-01,FY 2020-21,REF14,CPCL Manali (Chennai),CPCL (IOCL),PSU,920.01,105.14
2020-11-01,FY 2020-21,REF15,MRPL Mangalore,MRPL (ONGC),PSU,1191.35,95.31
2020-11-01,FY 2020-21,REF16,NRL Numaligarh,NRL (OIL),PSU,264.88,105.95
2020-11-01,FY 2020-21,REF17,HMEL Bathinda (GGSR),HMEL (HPCL-Mittal),JV,990.06,105.14
2020-11-01,FY 2020-21,REF18,BORL Bina,BPCL (BORL),PSU,640.53,98.54
2020-11-01,FY 2020-21,REF19,Reliance Jamnagar (DTA),Reliance Industries,Private,2911.44,105.87
2020-11-01,FY 2020-21,REF20,Reliance Jamnagar (SEZ Export),Reliance Industries,Private,3309.57,112.83
2020-11-01,FY 2020-21,REF21,Nayara Energy (Vadinar),Nayara Energy,Private,1841.41,110.48
2020-12-01,FY 2020-21,REF01,IOCL Panipat,IOCL,PSU,1255.0,100.4
2020-12-01,FY 2020-21,REF02,IOCL Koyali (Gujarat),IOCL,PSU,1087.64,95.27
2020-12-01,FY 2020-21,REF03,IOCL Paradip,IOCL,PSU,1327.3,106.18
2020-12-01,FY 2020-21,REF04,IOCL Mathura,IOCL,PSU,643.81,96.57
2020-12-01,FY 2020-21,REF05,IOCL Haldia,IOCL,PSU,622.11,99.54
2020-12-01,FY 2020-21,REF06,IOCL Barauni,IOCL,PSU,501.97,100.39
2020-12-01,FY 2020-21,REF07,IOCL Bongaigaon,IOCL,PSU,192.12,98.1
2020-12-01,FY 2020-21,REF08,IOCL Guwahati,IOCL,PSU,83.52,100.22
2020-12-01,FY 2020-21,REF09,IOCL Digboi,IOCL,PSU,54.69,100.97
2020-12-01,FY 2020-21,REF10,BPCL Kochi,BPCL,PSU,1293.44,100.14
2020-12-01,FY 2020-21,REF11,BPCL Mumbai,BPCL,PSU,1022.78,102.28
2020-12-01,FY 2020-21,REF12,HPCL Mumbai,HPCL,PSU,851.95,107.61
2020-12-01,FY 2020-21,REF13,HPCL Visakhapatnam,HPCL,PSU,874.86,95.44
2020-12-01,FY 2020-21,REF14,CPCL Manali (Chennai),CPCL (IOCL),PSU,889.27,101.63
2020-12-01,FY 2020-21,REF15,MRPL Mangalore,MRPL (ONGC),PSU,1207.63,96.61
2020-12-01,FY 2020-21,REF16,NRL Numaligarh,NRL (OIL),PSU,237.73,95.09
2020-12-01,FY 2020-21,REF17,HMEL Bathinda (GGSR),HMEL (HPCL-Mittal),JV,1006.17,106.85
2020-12-01,FY 2020-21,REF18,BORL Bina,BPCL (BORL),PSU,662.82,101.97
2020-12-01,FY 2020-21,REF19,Reliance Jamnagar (DTA),Reliance Industries,Private,2843.55,103.4
2020-12-01,FY 2020-21,REF20,Reliance Jamnagar (SEZ Export),Reliance Industries,Private,3150.73,107.41
2020-12-01,FY 2020-21,REF21,Nayara Energy (Vadinar),Nayara Energy,Private,1707.81,102.47
2021-01-01,FY 2020-21,REF01,IOCL Panipat,IOCL,PSU,1217.98,97.44
2021-01-01,FY 2020-21,REF02,IOCL Koyali (Gujarat),IOCL,PSU,1052.79,92.22
2021-01-01,FY 2020-21,REF03,IOCL Paradip,IOCL,PSU,1254.39,100.35
2021-01-01,FY 2020-21,REF04,IOCL Mathura,IOCL,PSU,691.81,103.77
2021-01-01,FY 2020-21,REF05,IOCL Haldia,IOCL,PSU,645.81,103.33
2021-01-01,FY 2020-21,REF06,IOCL Barauni,IOCL,PSU,497.14,99.43
2021-01-01,FY 2020-21,REF07,IOCL Bongaigaon,IOCL,PSU,205.64,105.01
2021-01-01,FY 2020-21,REF08,IOCL Guwahati,IOCL,PSU,88.81,106.57
2021-01-01,FY 2020-21,REF09,IOCL Digboi,IOCL,PSU,56.25,103.84
2021-01-01,FY 2020-21,REF10,BPCL Kochi,BPCL,PSU,1275.85,98.78
2021-01-01,FY 2020-21,REF11,BPCL Mumbai,BPCL,PSU,1004.8,100.48
2021-01-01,FY 2020-21,REF12,HPCL Mumbai,HPCL,PSU,850.72,107.46
2021-01-01,FY 2020-21,REF13,HPCL Visakhapatnam,HPCL,PSU,914.03,99.71
2021-01-01,FY 2020-21,REF14,CPCL Manali (Chennai),CPCL (IOCL),PSU,904.26,103.34
2021-01-01,FY 2020-21,REF15,MRPL Mangalore,MRPL (ONGC),PSU,1225.66,98.05
2021-01-01,FY 2020-21,REF16,NRL Numaligarh,NRL (OIL),PSU,262.59,105.04
2021-01-01,FY 2020-21,REF17,HMEL Bathinda (GGSR),HMEL (HPCL-Mittal),JV,955.46,101.47
2021-01-01,FY 2020-21,REF18,BORL Bina,BPCL (BORL),PSU,654.23,100.65
2021-01-01,FY 2020-21,REF19,Reliance Jamnagar (DTA),Reliance Industries,Private,3015.24,109.64
2021-01-01,FY 2020-21,REF20,Reliance Jamnagar (SEZ Export),Reliance Industries,Private,3331.28,113.57
2021-01-01,FY 2020-21,REF21,Nayara Energy (Vadinar),Nayara Energy,Private,1811.21,108.67
2021-02-01,FY 2020-21,REF01,IOCL Panipat,IOCL,PSU,812.09,64.97
2021-02-01,FY 2020-21,REF02,IOCL Koyali (Gujarat),IOCL,PSU,1137.72,99.65
2021-02-01,FY 2020-21,REF03,IOCL Paradip,IOCL,PSU,1310.52,104.84
2021-02-01,FY 2020-21,REF04,IOCL Mathura,IOCL,PSU,685.67,102.85
2021-02-01,FY 2020-21,REF05,IOCL Haldia,IOCL,PSU,648.04,103.69
2021-02-01,FY 2020-21,REF06,IOCL Barauni,IOCL,PSU,535.56,107.11
2021-02-01,FY 2020-21,REF07,IOCL Bongaigaon,IOCL,PSU,198.26,101.24
2021-02-01,FY 2020-21,REF08,IOCL Guwahati,IOCL,PSU,85.46,102.55
2021-02-01,FY 2020-21,REF09,IOCL Digboi,IOCL,PSU,53.95,99.6
2021-02-01,FY 2020-21,REF10,BPCL Kochi,BPCL,PSU,1264.67,97.91
2021-02-01,FY 2020-21,REF11,BPCL Mumbai,BPCL,PSU,986.12,98.61
2021-02-01,FY 2020-21,REF12,HPCL Mumbai,HPCL,PSU,723.89,91.44
2021-02-01,FY 2020-21,REF13,HPCL Visakhapatnam,HPCL,PSU,945.55,103.15
2021-02-01,FY 2020-21,REF14,CPCL Manali (Chennai),CPCL (IOCL),PSU,898.74,102.71
2021-02-01,FY 2020-21,REF15,MRPL Mangalore,MRPL (ONGC),PSU,1288.26,103.06
2021-02-01,FY 2020-21,REF16,NRL Numaligarh,NRL (OIL),PSU,244.16,97.66
2021-02-01,FY 2020-21,REF17,HMEL Bathinda (GGSR),HMEL (HPCL-Mittal),JV,962.93,102.26
2021-02-01,FY 2020-21,REF18,BORL Bina,BPCL (BORL),PSU,640.6,98.55
2021-02-01,FY 2020-21,REF19,Reliance Jamnagar (DTA),Reliance Industries,Private,3062.14,111.35
2021-02-01,FY 2020-21,REF20,Reliance Jamnagar (SEZ Export),Reliance Industries,Private,3184.4,108.56
2021-02-01,FY 2020-21,REF21,Nayara Energy (Vadinar),Nayara Energy,Private,1802.47,108.15
2021-03-01,FY 2020-21,REF01,IOCL Panipat,IOCL,PSU,1300.94,104.08
2021-03-01,FY 2020-21,REF02,IOCL Koyali (Gujarat),IOCL,PSU,1125.31,98.57
2021-03-01,FY 2020-21,REF03,IOCL Paradip,IOCL,PSU,1280.66,102.45
2021-03-01,FY 2020-21,REF04,IOCL Mathura,IOCL,PSU,727.07,109.06
2021-03-01,FY 2020-21,REF05,IOCL Haldia,IOCL,PSU,663.52,106.16
2021-03-01,FY 2020-21,REF06,IOCL Barauni,IOCL,PSU,511.95,102.39
2021-03-01,FY 2020-21,REF07,IOCL Bongaigaon,IOCL,PSU,198.47,101.35
2021-03-01,FY 2020-21,REF08,IOCL Guwahati,IOCL,PSU,85.85,103.02
2021-03-01,FY 2020-21,REF09,IOCL Digboi,IOCL,PSU,57.84,106.79
2021-03-01,FY 2020-21,REF10,BPCL Kochi,BPCL,PSU,1374.98,106.45
2021-03-01,FY 2020-21,REF11,BPCL Mumbai,BPCL,PSU,1075.62,107.56
2021-03-01,FY 2020-21,REF12,HPCL Mumbai,HPCL,PSU,807.27,101.97
2021-03-01,FY 2020-21,REF13,HPCL Visakhapatnam,HPCL,PSU,849.49,92.67
2021-03-01,FY 2020-21,REF14,CPCL Manali (Chennai),CPCL (IOCL),PSU,951.07,108.69
2021-03-01,FY 2020-21,REF15,MRPL Mangalore,MRPL (ONGC),PSU,1223.77,97.9
2021-03-01,FY 2020-21,REF16,NRL Numaligarh,NRL (OIL),PSU,232.75,93.1
2021-03-01,FY 2020-21,REF17,HMEL Bathinda (GGSR),HMEL (HPCL-Mittal),JV,1000.55,106.25
2021-03-01,FY 2020-21,REF18,BORL Bina,BPCL (BORL),PSU,602.81,92.74
2021-03-01,FY 2020-21,REF19,Reliance Jamnagar (DTA),Reliance Industries,Private,2972.35,108.09
2021-03-01,FY 2020-21,REF20,Reliance Jamnagar (SEZ Export),Reliance Industries,Private,2985.15,101.77
2021-03-01,FY 2020-21,REF21,Nayara Energy (Vadinar),Nayara Energy,Private,1159.59,69.58
2021-04-01,FY 2021-22,REF01,IOCL Panipat,IOCL,PSU,1344.67,107.57
2021-04-01,FY 2021-22,REF02,IOCL Koyali (Gujarat),IOCL,PSU,1169.55,102.44
2021-04-01,FY 2021-22,REF03,IOCL Paradip,IOCL,PSU,1263.4,101.07
2021-04-01,FY 2021-22,REF04,IOCL Mathura,IOCL,PSU,685.94,102.89
2021-04-01,FY 2021-22,REF05,IOCL Haldia,IOCL,PSU,563.64,90.18
2021-04-01,FY 2021-22,REF06,IOCL Barauni,IOCL,PSU,492.4,98.48
2021-04-01,FY 2021-22,REF07,IOCL Bongaigaon,IOCL,PSU,193.97,99.05
2021-04-01,FY 2021-22,REF08,IOCL Guwahati,IOCL,PSU,86.28,103.53
2021-04-01,FY 2021-22,REF09,IOCL Digboi,IOCL,PSU,52.57,97.06
2021-04-01,FY 2021-22,REF10,BPCL Kochi,BPCL,PSU,1314.85,101.79
2021-04-01,FY 2021-22,REF11,BPCL Mumbai,BPCL,PSU,1006.84,100.68
2021-04-01,FY 2021-22,REF12,HPCL Mumbai,HPCL,PSU,781.24,98.68
2021-04-01,FY 2021-22,REF13,HPCL Visakhapatnam,HPCL,PSU,906.85,98.93
2021-04-01,FY 2021-22,REF14,CPCL Manali (Chennai),CPCL (IOCL),PSU,880.67,100.65
2021-04-01,FY 2021-22,REF15,MRPL Mangalore,MRPL (ONGC),PSU,1169.91,93.59
2021-04-01,FY 2021-22,REF16,NRL Numaligarh,NRL (OIL),PSU,260.34,104.13
2021-04-01,FY 2021-22,REF17,HMEL Bathinda (GGSR),HMEL (HPCL-Mittal),JV,957.27,101.66
2021-04-01,FY 2021-22,REF18,BORL Bina,BPCL (BORL),PSU,649.75,99.96
2021-04-01,FY 2021-22,REF19,Reliance Jamnagar (DTA),Reliance Industries,Private,3101.88,112.8
2021-04-01,FY 2021-22,REF20,Reliance Jamnagar (SEZ Export),Reliance Industries,Private,3238.59,110.41
2021-04-01,FY 2021-22,REF21,Nayara Energy (Vadinar),Nayara Energy,Private,1742.44,104.55
2021-05-01,FY 2021-22,REF01,IOCL Panipat,IOCL,PSU,1120.55,89.64
2021-05-01,FY 2021-22,REF02,IOCL Koyali (Gujarat),IOCL,PSU,1176.69,103.07
2021-05-01,FY 2021-22,REF03,IOCL Paradip,IOCL,PSU,1251.42,100.11
2021-05-01,FY 2021-22,REF04,IOCL Mathura,IOCL,PSU,678.79,101.82
2021-05-01,FY 2021-22,REF05,IOCL Haldia,IOCL,PSU,650.4,104.06
2021-05-01,FY 2021-22,REF06,IOCL Barauni,IOCL,PSU,523.65,104.73
2021-05-01,FY 2021-22,REF07,IOCL Bongaigaon,IOCL,PSU,194.54,99.34
2021-05-01,FY 2021-22,REF08,IOCL Guwahati,IOCL,PSU,83.82,100.58
2021-05-01,FY 2021-22,REF09,IOCL Digboi,IOCL,PSU,55.56,102.57
2021-05-01,FY 2021-22,REF10,BPCL Kochi,BPCL,PSU,1328.36,102.84
2021-05-01,FY 2021-22,REF11,BPCL Mumbai,BPCL,PSU,1017.79,101.78
2021-05-01,FY 2021-22,REF12,HPCL Mumbai,HPCL,PSU,845.89,106.85
2021-05-01,FY 2021-22,REF13,HPCL Visakhapatnam,HPCL,PSU,942.28,102.79
2021-05-01,FY 2021-22,REF14,CPCL Manali (Chennai),CPCL (IOCL),PSU,910.0,104.0
2021-05-01,FY 2021-22,REF15,MRPL Mangalore,MRPL (ONGC),PSU,1276.46,102.12
2021-05-01,FY 2021-22,REF16,NRL Numaligarh,NRL (OIL),PSU,242.58,97.03
2021-05-01,FY 2021-22,REF17,HMEL Bathinda (GGSR),HMEL (HPCL-Mittal),JV,961.45,102.1
2021-05-01,FY 2021-22,REF18,BORL Bina,BPCL (BORL),PSU,625.58,96.24
2021-05-01,FY 2021-22,REF19,Reliance Jamnagar (DTA),Reliance Industries,Private,3056.95,111.16
2021-05-01,FY 2021-22,REF20,Reliance Jamnagar (SEZ Export),Reliance Industries,Private,3032.69,103.39
2021-05-01,FY 2021-22,REF21,Nayara Energy (Vadinar),Nayara Energy,Private,1792.75,107.57
2021-06-01,FY 2021-22,REF01,IOCL Panipat,IOCL,PSU,1244.34,99.55
2021-06-01,FY 2021-22,REF02,IOCL Koyali (Gujarat),IOCL,PSU,1061.41,92.97
2021-06-01,FY 2021-22,REF03,IOCL Paradip,IOCL,PSU,1243.08,99.45
2021-06-01,FY 2021-22,REF04,IOCL Mathura,IOCL,PSU,665.18,99.78
2021-06-01,FY 2021-22,REF05,IOCL Haldia,IOCL,PSU,673.22,107.71
2021-06-01,FY 2021-22,REF06,IOCL Barauni,IOCL,PSU,466.77,93.35
2021-06-01,FY 2021-22,REF07,IOCL Bongaigaon,IOCL,PSU,208.06,106.24
2021-06-01,FY 2021-22,REF08,IOCL Guwahati,IOCL,PSU,83.42,100.1
2021-06-01,FY 2021-22,REF09,IOCL Digboi,IOCL,PSU,56.57,104.44
2021-06-01,FY 2021-22,REF10,BPCL Kochi,BPCL,PSU,1308.71,101.32
2021-06-01,FY 2021-22,REF11,BPCL Mumbai,BPCL,PSU,966.06,96.61
2021-06-01,FY 2021-22,REF12,HPCL Mumbai,HPCL,PSU,844.57,106.68
2021-06-01,FY 2021-22,REF13,HPCL Visakhapatnam,HPCL,PSU,971.11,105.94
2021-06-01,FY 2021-22,REF14,CPCL Manali (Chennai),CPCL (IOCL),PSU,847.63,96.87
2021-06-01,FY 2021-22,REF15,MRPL Mangalore,MRPL (ONGC),PSU,1292.27,103.38
2021-06-01,FY 2021-22,REF16,NRL Numaligarh,NRL (OIL),PSU,246.6,98.64
2021-06-01,FY 2021-22,REF17,HMEL Bathinda (GGSR),HMEL (HPCL-Mittal),JV,936.95,99.5
2021-06-01,FY 2021-22,REF18,BORL Bina,BPCL (BORL),PSU,636.25,97.88
2021-06-01,FY 2021-22,REF19,Reliance Jamnagar (DTA),Reliance Industries,Private,3081.46,112.05
2021-06-01,FY 2021-22,REF20,Reliance Jamnagar (SEZ Export),Reliance Industries,Private,3245.98,110.66
2021-06-01,FY 2021-22,REF21,Nayara Energy (Vadinar),Nayara Energy,Private,1785.29,107.12
2021-07-01,FY 2021-22,REF01,IOCL Panipat,IOCL,PSU,1330.33,106.43
2021-07-01,FY 2021-22,REF02,IOCL Koyali (Gujarat),IOCL,PSU,1205.42,105.58
2021-07-01,FY 2021-22,REF03,IOCL Paradip,IOCL,PSU,1223.63,97.89
2021-07-01,FY 2021-22,REF04,IOCL Mathura,IOCL,PSU,716.79,107.52
2021-07-01,FY 2021-22,REF05,IOCL Haldia,IOCL,PSU,621.93,99.51
2021-07-01,FY 2021-22,REF06,IOCL Barauni,IOCL,PSU,500.15,100.03
2021-07-01,FY 2021-22,REF07,IOCL Bongaigaon,IOCL,PSU,182.99,93.44
2021-07-01,FY 2021-22,REF08,IOCL Guwahati,IOCL,PSU,82.14,98.57
2021-07-01,FY 2021-22,REF09,IOCL Digboi,IOCL,PSU,54.41,100.45
2021-07-01,FY 2021-22,REF10,BPCL Kochi,BPCL,PSU,1320.48,102.23
2021-07-01,FY 2021-22,REF11,BPCL Mumbai,BPCL,PSU,966.18,96.62
2021-07-01,FY 2021-22,REF12,HPCL Mumbai,HPCL,PSU,776.3,98.06
2021-07-01,FY 2021-22,REF13,HPCL Visakhapatnam,HPCL,PSU,641.26,69.96
2021-07-01,FY 2021-22,REF14,CPCL Manali (Chennai),CPCL (IOCL),PSU,921.21,105.28
2021-07-01,FY 2021-22,REF15,MRPL Mangalore,MRPL (ONGC),PSU,1326.09,106.09
2021-07-01,FY 2021-22,REF16,NRL Numaligarh,NRL (OIL),PSU,251.94,100.78
2021-07-01,FY 2021-22,REF17,HMEL Bathinda (GGSR),HMEL (HPCL-Mittal),JV,988.88,105.01
2021-07-01,FY 2021-22,REF18,BORL Bina,BPCL (BORL),PSU,672.59,103.48
2021-07-01,FY 2021-22,REF19,Reliance Jamnagar (DTA),Reliance Industries,Private,3105.16,112.92
2021-07-01,FY 2021-22,REF20,Reliance Jamnagar (SEZ Export),Reliance Industries,Private,3034.34,103.44
2021-07-01,FY 2021-22,REF21,Nayara Energy (Vadinar),Nayara Energy,Private,1668.46,100.11
2021-08-01,FY 2021-22,REF01,IOCL Panipat,IOCL,PSU,1236.76,98.94
2021-08-01,FY 2021-22,REF02,IOCL Koyali (Gujarat),IOCL,PSU,1164.2,101.97
2021-08-01,FY 2021-22,REF03,IOCL Paradip,IOCL,PSU,1266.81,101.34
2021-08-01,FY 2021-22,REF04,IOCL Mathura,IOCL,PSU,653.42,98.01
2021-08-01,FY 2021-22,REF05,IOCL Haldia,IOCL,PSU,644.41,103.11
2021-08-01,FY 2021-22,REF06,IOCL Barauni,IOCL,PSU,495.45,99.09
2021-08-01,FY 2021-22,REF07,IOCL Bongaigaon,IOCL,PSU,197.89,101.05
2021-08-01,FY 2021-22,REF08,IOCL Guwahati,IOCL,PSU,85.77,102.92
2021-08-01,FY 2021-22,REF09,IOCL Digboi,IOCL,PSU,53.77,99.27
2021-08-01,FY 2021-22,REF10,BPCL Kochi,BPCL,PSU,1345.6,104.18
2021-08-01,FY 2021-22,REF11,BPCL Mumbai,BPCL,PSU,1049.46,104.95
2021-08-01,FY 2021-22,REF12,HPCL Mumbai,HPCL,PSU,777.04,98.15
2021-08-01,FY 2021-22,REF13,HPCL Visakhapatnam,HPCL,PSU,908.08,99.06
2021-08-01,FY 2021-22,REF14,CPCL Manali (Chennai),CPCL (IOCL),PSU,849.93,97.14
2021-08-01,FY 2021-22,REF15,MRPL Mangalore,MRPL (ONGC),PSU,1262.04,100.96
2021-08-01,FY 2021-22,REF16,NRL Numaligarh,NRL (OIL),PSU,255.57,102.23
2021-08-01,FY 2021-22,REF17,HMEL Bathinda (GGSR),HMEL (HPCL-Mittal),JV,1030.56,109.44
2021-08-01,FY 2021-22,REF18,BORL Bina,BPCL (BORL),PSU,647.59,99.63
2021-08-01,FY 2021-22,REF19,Reliance Jamnagar (DTA),Reliance Industries,Private,2992.96,108.84
2021-08-01,FY 2021-22,REF20,Reliance Jamnagar (SEZ Export),Reliance Industries,Private,3123.19,106.47
2021-08-01,FY 2021-22,REF21,Nayara Energy (Vadinar),Nayara Energy,Private,1776.06,106.56
2021-09-01,FY 2021-22,REF01,IOCL Panipat,IOCL,PSU,1280.47,102.44
2021-09-01,FY 2021-22,REF02,IOCL Koyali (Gujarat),IOCL,PSU,1134.06,99.33
2021-09-01,FY 2021-22,REF03,IOCL Paradip,IOCL,PSU,818.57,65.49
2021-09-01,FY 2021-22,REF04,IOCL Mathura,IOCL,PSU,683.89,102.58
2021-09-01,FY 2021-22,REF05,IOCL Haldia,IOCL,PSU,637.84,102.05
2021-09-01,FY 2021-22,REF06,IOCL Barauni,IOCL,PSU,457.26,91.45
2021-09-01,FY 2021-22,REF07,IOCL Bongaigaon,IOCL,PSU,193.91,99.02
2021-09-01,FY 2021-22,REF08,IOCL Guwahati,IOCL,PSU,87.82,105.39
2021-09-01,FY 2021-22,REF09,IOCL Digboi,IOCL,PSU,51.32,94.74
2021-09-01,FY 2021-22,REF10,BPCL Kochi,BPCL,PSU,1149.19,88.97
2021-09-01,FY 2021-22,REF11,BPCL Mumbai,BPCL,PSU,1032.85,103.28
2021-09-01,FY 2021-22,REF12,HPCL Mumbai,HPCL,PSU,807.3,101.97
2021-09-01,FY 2021-22,REF13,HPCL Visakhapatnam,HPCL,PSU,885.86,96.64
2021-09-01,FY 2021-22,REF14,CPCL Manali (Chennai),CPCL (IOCL),PSU,887.62,101.44
2021-09-01,FY 2021-22,REF15,MRPL Mangalore,MRPL (ONGC),PSU,1231.18,98.49
2021-09-01,FY 2021-22,REF16,NRL Numaligarh,NRL (OIL),PSU,257.44,102.98
2021-09-01,FY 2021-22,REF17,HMEL Bathinda (GGSR),HMEL (HPCL-Mittal),JV,898.69,95.44
2021-09-01,FY 2021-22,REF18,BORL Bina,BPCL (BORL),PSU,649.84,99.97
2021-09-01,FY 2021-22,REF19,Reliance Jamnagar (DTA),Reliance Industries,Private,2925.61,106.39
2021-09-01,FY 2021-22,REF20,Reliance Jamnagar (SEZ Export),Reliance Industries,Private,3238.21,110.39
2021-09-01,FY 2021-22,REF21,Nayara Energy (Vadinar),Nayara Energy,Private,1109.57,66.57
2021-10-01,FY 2021-22,REF01,IOCL Panipat,IOCL,PSU,822.1,65.77
2021-10-01,FY 2021-22,REF02,IOCL Koyali (Gujarat),IOCL,PSU,1178.58,103.23
2021-10-01,FY 2021-22,REF03,IOCL Paradip,IOCL,PSU,1355.33,108.43
2021-10-01,FY 2021-22,REF04,IOCL Mathura,IOCL,PSU,660.49,99.07
2021-10-01,FY 2021-22,REF05,IOCL Haldia,IOCL,PSU,639.36,102.3
2021-10-01,FY 2021-22,REF06,IOCL Barauni,IOCL,PSU,468.92,93.78
2021-10-01,FY 2021-22,REF07,IOCL Bongaigaon,IOCL,PSU,197.75,100.98
2021-10-01,FY 2021-22,REF08,IOCL Guwahati,IOCL,PSU,88.1,105.71
2021-10-01,FY 2021-22,REF09,IOCL Digboi,IOCL,PSU,58.76,108.48
2021-10-01,FY 2021-22,REF10,BPCL Kochi,BPCL,PSU,1326.27,102.68
2021-10-01,FY 2021-22,REF11,BPCL Mumbai,BPCL,PSU,947.16,94.72
2021-10-01,FY 2021-22,REF12,HPCL Mumbai,HPCL,PSU,842.51,106.42
2021-10-01,FY 2021-22,REF13,HPCL Visakhapatnam,HPCL,PSU,868.52,94.75
2021-10-01,FY 2021-22,REF14,CPCL Manali (Chennai),CPCL (IOCL),PSU,842.47,96.28
2021-10-01,FY 2021-22,REF15,MRPL Mangalore,MRPL (ONGC),PSU,1335.16,106.81
2021-10-01,FY 2021-22,REF16,NRL Numaligarh,NRL (OIL),PSU,251.72,100.69
2021-10-01,FY 2021-22,REF17,HMEL Bathinda (GGSR),HMEL (HPCL-Mittal),JV,962.67,102.23
2021-10-01,FY 2021-22,REF18,BORL Bina,BPCL (BORL),PSU,674.67,103.79
2021-10-01,FY 2021-22,REF19,Reliance Jamnagar (DTA),Reliance Industries,Private,2983.55,108.49
2021-10-01,FY 2021-22,REF20,Reliance Jamnagar (SEZ Export),Reliance Industries,Private,3361.27,114.59
2021-10-01,FY 2021-22,REF21,Nayara Energy (Vadinar),Nayara Energy,Private,1853.77,111.23
2021-11-01,FY 2021-22,REF01,IOCL Panipat,IOCL,PSU,1273.03,101.84
2021-11-01,FY 2021-22,REF02,IOCL Koyali (Gujarat),IOCL,PSU,1163.76,101.94
2021-11-01,FY 2021-22,REF03,IOCL Paradip,IOCL,PSU,1314.27,105.14
2021-11-01,FY 2021-22,REF04,IOCL Mathura,IOCL,PSU,670.89,100.63
2021-11-01,FY 2021-22,REF05,IOCL Haldia,IOCL,PSU,609.06,97.45
2021-11-01,FY 2021-22,REF06,IOCL Barauni,IOCL,PSU,520.19,104.04
2021-11-01,FY 2021-22,REF07,IOCL Bongaigaon,IOCL,PSU,195.51,99.83
2021-11-01,FY 2021-22,REF08,IOCL Guwahati,IOCL,PSU,85.14,102.16
2021-11-01,FY 2021-22,REF09,IOCL Digboi,IOCL,PSU,50.38,93.02
2021-11-01,FY 2021-22,REF10,BPCL Kochi,BPCL,PSU,1297.76,100.47
2021-11-01,FY 2021-22,REF11,BPCL Mumbai,BPCL,PSU,989.05,98.91
2021-11-01,FY 2021-22,REF12,HPCL Mumbai,HPCL,PSU,735.56,92.91
2021-11-01,FY 2021-22,REF13,HPCL Visakhapatnam,HPCL,PSU,922.12,100.59
2021-11-01,FY 2021-22,REF14,CPCL Manali (Chennai),CPCL (IOCL),PSU,881.37,100.73
2021-11-01,FY 2021-22,REF15,MRPL Mangalore,MRPL (ONGC),PSU,1280.7,102.46
2021-11-01,FY 2021-22,REF16,NRL Numaligarh,NRL (OIL),PSU,264.09,105.64
2021-11-01,FY 2021-22,REF17,HMEL Bathinda (GGSR),HMEL (HPCL-Mittal),JV,1006.82,106.92
2021-11-01,FY 2021-22,REF18,BORL Bina,BPCL (BORL),PSU,644.6,99.17
2021-11-01,FY 2021-22,REF19,Reliance Jamnagar (DTA),Reliance Industries,Private,2985.32,108.56
2021-11-01,FY 2021-22,REF20,Reliance Jamnagar (SEZ Export),Reliance Industries,Private,3212.76,109.53
2021-11-01,FY 2021-22,REF21,Nayara Energy (Vadinar),Nayara Energy,Private,1778.48,106.71
2021-12-01,FY 2021-22,REF01,IOCL Panipat,IOCL,PSU,1188.3,95.06
2021-12-01,FY 2021-22,REF02,IOCL Koyali (Gujarat),IOCL,PSU,1143.56,100.17
2021-12-01,FY 2021-22,REF03,IOCL Paradip,IOCL,PSU,1322.83,105.83
2021-12-01,FY 2021-22,REF04,IOCL Mathura,IOCL,PSU,632.61,94.89
2021-12-01,FY 2021-22,REF05,IOCL Haldia,IOCL,PSU,606.63,97.06
2021-12-01,FY 2021-22,REF06,IOCL Barauni,IOCL,PSU,489.15,97.83
2021-12-01,FY 2021-22,REF07,IOCL Bongaigaon,IOCL,PSU,190.16,97.1
2021-12-01,FY 2021-22,REF08,IOCL Guwahati,IOCL,PSU,86.51,103.81
2021-12-01,FY 2021-22,REF09,IOCL Digboi,IOCL,PSU,53.34,98.48
2021-12-01,FY 2021-22,REF10,BPCL Kochi,BPCL,PSU,1342.4,103.93
2021-12-01,FY 2021-22,REF11,BPCL Mumbai,BPCL,PSU,1011.77,101.18
2021-12-01,FY 2021-22,REF12,HPCL Mumbai,HPCL,PSU,744.3,94.02
2021-12-01,FY 2021-22,REF13,HPCL Visakhapatnam,HPCL,PSU,910.83,99.36
2021-12-01,FY 2021-22,REF14,CPCL Manali (Chennai),CPCL (IOCL),PSU,918.96,105.02
2021-12-01,FY 2021-22,REF15,MRPL Mangalore,MRPL (ONGC),PSU,825.65,66.05
2021-12-01,FY 2021-22,REF16,NRL Numaligarh,NRL (OIL),PSU,249.13,99.65
2021-12-01,FY 2021-22,REF17,HMEL Bathinda (GGSR),HMEL (HPCL-Mittal),JV,1013.81,107.66
2021-12-01,FY 2021-22,REF18,BORL Bina,BPCL (BORL),PSU,628.51,96.69
2021-12-01,FY 2021-22,REF19,Reliance Jamnagar (DTA),Reliance Industries,Private,2920.87,106.21
2021-12-01,FY 2021-22,REF20,Reliance Jamnagar (SEZ Export),Reliance Industries,Private,3247.25,110.7
2021-12-01,FY 2021-22,REF21,Nayara Energy (Vadinar),Nayara Energy,Private,1834.07,110.04
2022-01-01,FY 2021-22,REF01,IOCL Panipat,IOCL,PSU,1204.82,96.39
2022-01-01,FY 2021-22,REF02,IOCL Koyali (Gujarat),IOCL,PSU,1174.69,102.89
2022-01-01,FY 2021-22,REF03,IOCL Paradip,IOCL,PSU,1230.22,98.42
2022-01-01,FY 2021-22,REF04,IOCL Mathura,IOCL,PSU,618.31,92.75
2022-01-01,FY 2021-22,REF05,IOCL Haldia,IOCL,PSU,623.32,99.73
2022-01-01,FY 2021-22,REF06,IOCL Barauni,IOCL,PSU,543.97,108.79
2022-01-01,FY 2021-22,REF07,IOCL Bongaigaon,IOCL,PSU,205.82,105.1
2022-01-01,FY 2021-22,REF08,IOCL Guwahati,IOCL,PSU,84.01,100.81
2022-01-01,FY 2021-22,REF09,IOCL Digboi,IOCL,PSU,51.28,94.67
2022-01-01,FY 2021-22,REF10,BPCL Kochi,BPCL,PSU,1199.38,92.86
2022-01-01,FY 2021-22,REF11,BPCL Mumbai,BPCL,PSU,1011.9,101.19
2022-01-01,FY 2021-22,REF12,HPCL Mumbai,HPCL,PSU,812.38,102.62
2022-01-01,FY 2021-22,REF13,HPCL Visakhapatnam,HPCL,PSU,952.08,103.86
2022-01-01,FY 2021-22,REF14,CPCL Manali (Chennai),CPCL (IOCL),PSU,904.45,103.37
2022-01-01,FY 2021-22,REF15,MRPL Mangalore,MRPL (ONGC),PSU,1296.51,103.72
2022-01-01,FY 2021-22,REF16,NRL Numaligarh,NRL (OIL),PSU,255.27,102.11
2022-01-01,FY 2021-22,REF17,HMEL Bathinda (GGSR),HMEL (HPCL-Mittal),JV,1013.11,107.59
2022-01-01,FY 2021-22,REF18,BORL Bina,BPCL (BORL),PSU,642.83,98.9
2022-01-01,FY 2021-22,REF19,Reliance Jamnagar (DTA),Reliance Industries,Private,2972.67,108.1
2022-01-01,FY 2021-22,REF20,Reliance Jamnagar (SEZ Export),Reliance Industries,Private,3014.68,102.77
2022-01-01,FY 2021-22,REF21,Nayara Energy (Vadinar),Nayara Energy,Private,1772.7,106.36
2022-02-01,FY 2021-22,REF01,IOCL Panipat,IOCL,PSU,1312.22,104.98
2022-02-01,FY 2021-22,REF02,IOCL Koyali (Gujarat),IOCL,PSU,1182.58,103.58
2022-02-01,FY 2021-22,REF03,IOCL Paradip,IOCL,PSU,1143.92,91.51
2022-02-01,FY 2021-22,REF04,IOCL Mathura,IOCL,PSU,727.79,109.17
2022-02-01,FY 2021-22,REF05,IOCL Haldia,IOCL,PSU,635.18,101.63
2022-02-01,FY 2021-22,REF06,IOCL Barauni,IOCL,PSU,508.52,101.7
2022-02-01,FY 2021-22,REF07,IOCL Bongaigaon,IOCL,PSU,193.03,98.57
2022-02-01,FY 2021-22,REF08,IOCL Guwahati,IOCL,PSU,82.82,99.38
2022-02-01,FY 2021-22,REF09,IOCL Digboi,IOCL,PSU,55.02,101.58
2022-02-01,FY 2021-22,REF10,BPCL Kochi,BPCL,PSU,1334.82,103.34
2022-02-01,FY 2021-22,REF11,BPCL Mumbai,BPCL,PSU,1022.97,102.3
2022-02-01,FY 2021-22,REF12,HPCL Mumbai,HPCL,PSU,782.71,98.87
2022-02-01,FY 2021-22,REF13,HPCL Visakhapatnam,HPCL,PSU,892.81,97.4
2022-02-01,FY 2021-22,REF14,CPCL Manali (Chennai),CPCL (IOCL),PSU,850.0,97.14
2022-02-01,FY 2021-22,REF15,MRPL Mangalore,MRPL (ONGC),PSU,1316.5,105.32
2022-02-01,FY 2021-22,REF16,NRL Numaligarh,NRL (OIL),PSU,261.93,104.77
2022-02-01,FY 2021-22,REF17,HMEL Bathinda (GGSR),HMEL (HPCL-Mittal),JV,993.1,105.46
2022-02-01,FY 2021-22,REF18,BORL Bina,BPCL (BORL),PSU,684.37,105.29
2022-02-01,FY 2021-22,REF19,Reliance Jamnagar (DTA),Reliance Industries,Private,2959.67,107.62
2022-02-01,FY 2021-22,REF20,Reliance Jamnagar (SEZ Export),Reliance Industries,Private,3242.53,110.54
2022-02-01,FY 2021-22,REF21,Nayara Energy (Vadinar),Nayara Energy,Private,1827.05,109.62
2022-03-01,FY 2021-22,REF01,IOCL Panipat,IOCL,PSU,1306.31,104.5
2022-03-01,FY 2021-22,REF02,IOCL Koyali (Gujarat),IOCL,PSU,1104.75,96.77
2022-03-01,FY 2021-22,REF03,IOCL Paradip,IOCL,PSU,1137.6,91.01
2022-03-01,FY 2021-22,REF04,IOCL Mathura,IOCL,PSU,680.32,102.05
2022-03-01,FY 2021-22,REF05,IOCL Haldia,IOCL,PSU,582.51,93.2
2022-03-01,FY 2021-22,REF06,IOCL Barauni,IOCL,PSU,497.98,99.6
2022-03-01,FY 2021-22,REF07,IOCL Bongaigaon,IOCL,PSU,180.41,92.13
2022-03-01,FY 2021-22,REF08,IOCL Guwahati,IOCL,PSU,88.35,106.02
2022-03-01,FY 2021-22,REF09,IOCL Digboi,IOCL,PSU,56.76,104.78
2022-03-01,FY 2021-22,REF10,BPCL Kochi,BPCL,PSU,1322.69,102.4
2022-03-01,FY 2021-22,REF11,BPCL Mumbai,BPCL,PSU,976.23,97.62
2022-03-01,FY 2021-22,REF12,HPCL Mumbai,HPCL,PSU,743.18,93.88
2022-03-01,FY 2021-22,REF13,HPCL Visakhapatnam,HPCL,PSU,844.05,92.08
2022-03-01,FY 2021-22,REF14,CPCL Manali (Chennai),CPCL (IOCL),PSU,864.39,98.79
2022-03-01,FY 2021-22,REF15,MRPL Mangalore,MRPL (ONGC),PSU,1297.29,103.78
2022-03-01,FY 2021-22,REF16,NRL Numaligarh,NRL (OIL),PSU,249.09,99.64
2022-03-01,FY 2021-22,REF17,HMEL Bathinda (GGSR),HMEL (HPCL-Mittal),JV,993.46,105.5
2022-03-01,FY 2021-22,REF18,BORL Bina,BPCL (BORL),PSU,670.85,103.21
2022-03-01,FY 2021-22,REF19,Reliance Jamnagar (DTA),Reliance Industries,Private,3026.12,110.04
2022-03-01,FY 2021-22,REF20,Reliance Jamnagar (SEZ Export),Reliance Industries,Private,2997.57,102.19
2022-03-01,FY 2021-22,REF21,Nayara Energy (Vadinar),Nayara Energy,Private,1761.93,105.72
2022-04-01,FY 2022-23,REF01,IOCL Panipat,IOCL,PSU,1286.54,102.92
2022-04-01,FY 2022-23,REF02,IOCL Koyali (Gujarat),IOCL,PSU,1221.43,106.99
2022-04-01,FY 2022-23,REF03,IOCL Paradip,IOCL,PSU,857.99,68.64
2022-04-01,FY 2022-23,REF04,IOCL Mathura,IOCL,PSU,681.24,102.19
2022-04-01,FY 2022-23,REF05,IOCL Haldia,IOCL,PSU,662.94,106.07
2022-04-01,FY 2022-23,REF06,IOCL Barauni,IOCL,PSU,510.77,102.15
2022-04-01,FY 2022-23,REF07,IOCL Bongaigaon,IOCL,PSU,185.64,94.79
2022-04-01,FY 2022-23,REF08,IOCL Guwahati,IOCL,PSU,86.37,103.65
2022-04-01,FY 2022-23,REF09,IOCL Digboi,IOCL,PSU,57.28,105.75
2022-04-01,FY 2022-23,REF10,BPCL Kochi,BPCL,PSU,1400.13,108.4
2022-04-01,FY 2022-23,REF11,BPCL Mumbai,BPCL,PSU,986.8,98.68
2022-04-01,FY 2022-23,REF12,HPCL Mumbai,HPCL,PSU,762.96,96.37
2022-04-01,FY 2022-23,REF13,HPCL Visakhapatnam,HPCL,PSU,957.0,104.4
2022-04-01,FY 2022-23,REF14,CPCL Manali (Chennai),CPCL (IOCL),PSU,898.37,102.67
2022-04-01,FY 2022-23,REF15,MRPL Mangalore,MRPL (ONGC),PSU,1278.66,102.29
2022-04-01,FY 2022-23,REF16,NRL Numaligarh,NRL (OIL),PSU,265.34,106.14
2022-04-01,FY 2022-23,REF17,HMEL Bathinda (GGSR),HMEL (HPCL-Mittal),JV,1003.23,106.54
2022-04-01,FY 2022-23,REF18,BORL Bina,BPCL (BORL),PSU,669.87,103.06
2022-04-01,FY 2022-23,REF19,Reliance Jamnagar (DTA),Reliance Industries,Private,2931.95,106.62
2022-04-01,FY 2022-23,REF20,Reliance Jamnagar (SEZ Export),Reliance Industries,Private,3234.58,110.27
2022-04-01,FY 2022-23,REF21,Nayara Energy (Vadinar),Nayara Energy,Private,1740.27,104.42
2022-05-01,FY 2022-23,REF01,IOCL Panipat,IOCL,PSU,1276.79,102.14
2022-05-01,FY 2022-23,REF02,IOCL Koyali (Gujarat),IOCL,PSU,1151.53,100.86
2022-05-01,FY 2022-23,REF03,IOCL Paradip,IOCL,PSU,1182.76,94.62
2022-05-01,FY 2022-23,REF04,IOCL Mathura,IOCL,PSU,684.55,102.68
2022-05-01,FY 2022-23,REF05,IOCL Haldia,IOCL,PSU,616.8,98.69
2022-05-01,FY 2022-23,REF06,IOCL Barauni,IOCL,PSU,512.91,102.58
2022-05-01,FY 2022-23,REF07,IOCL Bongaigaon,IOCL,PSU,190.29,97.17
2022-05-01,FY 2022-23,REF08,IOCL Guwahati,IOCL,PSU,87.02,104.43
2022-05-01,FY 2022-23,REF09,IOCL Digboi,IOCL,PSU,58.34,107.71
2022-05-01,FY 2022-23,REF10,BPCL Kochi,BPCL,PSU,1192.48,92.32
2022-05-01,FY 2022-23,REF11,BPCL Mumbai,BPCL,PSU,962.23,96.22
2022-05-01,FY 2022-23,REF12,HPCL Mumbai,HPCL,PSU,769.22,97.16
2022-05-01,FY 2022-23,REF13,HPCL Visakhapatnam,HPCL,PSU,876.24,95.59
2022-05-01,FY 2022-23,REF14,CPCL Manali (Chennai),CPCL (IOCL),PSU,876.26,100.14
2022-05-01,FY 2022-23,REF15,MRPL Mangalore,MRPL (ONGC),PSU,1281.47,102.52
2022-05-01,FY 2022-23,REF16,NRL Numaligarh,NRL (OIL),PSU,259.4,103.76
2022-05-01,FY 2022-23,REF17,HMEL Bathinda (GGSR),HMEL (HPCL-Mittal),JV,986.84,104.8
2022-05-01,FY 2022-23,REF18,BORL Bina,BPCL (BORL),PSU,673.6,103.63
2022-05-01,FY 2022-23,REF19,Reliance Jamnagar (DTA),Reliance Industries,Private,2964.26,107.79
2022-05-01,FY 2022-23,REF20,Reliance Jamnagar (SEZ Export),Reliance Industries,Private,3116.16,106.23
2022-05-01,FY 2022-23,REF21,Nayara Energy (Vadinar),Nayara Energy,Private,1753.22,105.19
2022-06-01,FY 2022-23,REF01,IOCL Panipat,IOCL,PSU,1253.6,100.29
2022-06-01,FY 2022-23,REF02,IOCL Koyali (Gujarat),IOCL,PSU,1111.4,97.35
2022-06-01,FY 2022-23,REF03,IOCL Paradip,IOCL,PSU,1279.92,102.39
2022-06-01,FY 2022-23,REF04,IOCL Mathura,IOCL,PSU,649.39,97.41
2022-06-01,FY 2022-23,REF05,IOCL Haldia,IOCL,PSU,619.06,99.05
2022-06-01,FY 2022-23,REF06,IOCL Barauni,IOCL,PSU,526.49,105.3
2022-06-01,FY 2022-23,REF07,IOCL Bongaigaon,IOCL,PSU,207.04,105.72
2022-06-01,FY 2022-23,REF08,IOCL Guwahati,IOCL,PSU,87.98,105.58
2022-06-01,FY 2022-23,REF09,IOCL Digboi,IOCL,PSU,54.59,100.79
2022-06-01,FY 2022-23,REF10,BPCL Kochi,BPCL,PSU,1276.12,98.8
2022-06-01,FY 2022-23,REF11,BPCL Mumbai,BPCL,PSU,1030.03,103.0
2022-06-01,FY 2022-23,REF12,HPCL Mumbai,HPCL,PSU,771.76,97.49
2022-06-01,FY 2022-23,REF13,HPCL Visakhapatnam,HPCL,PSU,953.06,103.97
2022-06-01,FY 2022-23,REF14,CPCL Manali (Chennai),CPCL (IOCL),PSU,861.43,98.45
2022-06-01,FY 2022-23,REF15,MRPL Mangalore,MRPL (ONGC),PSU,1251.56,100.12
2022-06-01,FY 2022-23,REF16,NRL Numaligarh,NRL (OIL),PSU,260.16,104.06
2022-06-01,FY 2022-23,REF17,HMEL Bathinda (GGSR),HMEL (HPCL-Mittal),JV,927.89,98.54
2022-06-01,FY 2022-23,REF18,BORL Bina,BPCL (BORL),PSU,640.96,98.61
2022-06-01,FY 2022-23,REF19,Reliance Jamnagar (DTA),Reliance Industries,Private,3000.54,109.11
2022-06-01,FY 2022-23,REF20,Reliance Jamnagar (SEZ Export),Reliance Industries,Private,3219.42,109.75
2022-06-01,FY 2022-23,REF21,Nayara Energy (Vadinar),Nayara Energy,Private,1820.53,109.23
2022-07-01,FY 2022-23,REF01,IOCL Panipat,IOCL,PSU,1250.95,100.08
2022-07-01,FY 2022-23,REF02,IOCL Koyali (Gujarat),IOCL,PSU,1192.94,104.49
2022-07-01,FY 2022-23,REF03,IOCL Paradip,IOCL,PSU,1214.19,97.14
2022-07-01,FY 2022-23,REF04,IOCL Mathura,IOCL,PSU,646.52,96.98
2022-07-01,FY 2022-23,REF05,IOCL Haldia,IOCL,PSU,640.25,102.44
2022-07-01,FY 2022-23,REF06,IOCL Barauni,IOCL,PSU,483.6,96.72
2022-07-01,FY 2022-23,REF07,IOCL Bongaigaon,IOCL,PSU,211.26,107.88
2022-07-01,FY 2022-23,REF08,IOCL Guwahati,IOCL,PSU,86.81,104.17
2022-07-01,FY 2022-23,REF09,IOCL Digboi,IOCL,PSU,53.47,98.72
2022-07-01,FY 2022-23,REF10,BPCL Kochi,BPCL,PSU,1348.63,104.41
2022-07-01,FY 2022-23,REF11,BPCL Mumbai,BPCL,PSU,960.83,96.08
2022-07-01,FY 2022-23,REF12,HPCL Mumbai,HPCL,PSU,845.57,106.81
2022-07-01,FY 2022-23,REF13,HPCL Visakhapatnam,HPCL,PSU,926.35,101.06
2022-07-01,FY 2022-23,REF14,CPCL Manali (Chennai),CPCL (IOCL),PSU,862.88,98.61
2022-07-01,FY 2022-23,REF15,MRPL Mangalore,MRPL (ONGC),PSU,1247.54,99.8
2022-07-01,FY 2022-23,REF16,NRL Numaligarh,NRL (OIL),PSU,245.01,98.0
2022-07-01,FY 2022-23,REF17,HMEL Bathinda (GGSR),HMEL (HPCL-Mittal),JV,973.07,103.34
2022-07-01,FY 2022-23,REF18,BORL Bina,BPCL (BORL),PSU,625.9,96.29
2022-07-01,FY 2022-23,REF19,Reliance Jamnagar (DTA),Reliance Industries,Private,3120.19,113.46
2022-07-01,FY 2022-23,REF20,Reliance Jamnagar (SEZ Export),Reliance Industries,Private,3118.16,106.3
2022-07-01,FY 2022-23,REF21,Nayara Energy (Vadinar),Nayara Energy,Private,1841.58,110.49
2022-08-01,FY 2022-23,REF01,IOCL Panipat,IOCL,PSU,1272.97,101.84
2022-08-01,FY 2022-23,REF02,IOCL Koyali (Gujarat),IOCL,PSU,1108.12,97.06
2022-08-01,FY 2022-23,REF03,IOCL Paradip,IOCL,PSU,1253.09,100.25
2022-08-01,FY 2022-23,REF04,IOCL Mathura,IOCL,PSU,705.15,105.77
2022-08-01,FY 2022-23,REF05,IOCL Haldia,IOCL,PSU,619.76,99.16
2022-08-01,FY 2022-23,REF06,IOCL Barauni,IOCL,PSU,483.4,96.68
2022-08-01,FY 2022-23,REF07,IOCL Bongaigaon,IOCL,PSU,202.07,103.18
2022-08-01,FY 2022-23,REF08,IOCL Guwahati,IOCL,PSU,76.93,92.31
2022-08-01,FY 2022-23,REF09,IOCL Digboi,IOCL,PSU,54.11,99.89
2022-08-01,FY 2022-23,REF10,BPCL Kochi,BPCL,PSU,1371.3,106.17
2022-08-01,FY 2022-23,REF11,BPCL Mumbai,BPCL,PSU,1001.36,100.14
2022-08-01,FY 2022-23,REF12,HPCL Mumbai,HPCL,PSU,829.27,104.75
2022-08-01,FY 2022-23,REF13,HPCL Visakhapatnam,HPCL,PSU,885.79,96.63
2022-08-01,FY 2022-23,REF14,CPCL Manali (Chennai),CPCL (IOCL),PSU,568.67,64.99
2022-08-01,FY 2022-23,REF15,MRPL Mangalore,MRPL (ONGC),PSU,1245.24,99.62
2022-08-01,FY 2022-23,REF16,NRL Numaligarh,NRL (OIL),PSU,257.39,102.96
2022-08-01,FY 2022-23,REF17,HMEL Bathinda (GGSR),HMEL (HPCL-Mittal),JV,981.25,104.2
2022-08-01,FY 2022-23,REF18,BORL Bina,BPCL (BORL),PSU,603.98,92.92
2022-08-01,FY 2022-23,REF19,Reliance Jamnagar (DTA),Reliance Industries,Private,3088.96,112.33
2022-08-01,FY 2022-23,REF20,Reliance Jamnagar (SEZ Export),Reliance Industries,Private,2029.89,69.2
2022-08-01,FY 2022-23,REF21,Nayara Energy (Vadinar),Nayara Energy,Private,1802.79,108.17
2022-09-01,FY 2022-23,REF01,IOCL Panipat,IOCL,PSU,1247.02,99.76
2022-09-01,FY 2022-23,REF02,IOCL Koyali (Gujarat),IOCL,PSU,1152.32,100.93
2022-09-01,FY 2022-23,REF03,IOCL Paradip,IOCL,PSU,1257.21,100.58
2022-09-01,FY 2022-23,REF04,IOCL Mathura,IOCL,PSU,649.67,97.45
2022-09-01,FY 2022-23,REF05,IOCL Haldia,IOCL,PSU,650.54,104.09
2022-09-01,FY 2022-23,REF06,IOCL Barauni,IOCL,PSU,491.66,98.33
2022-09-01,FY 2022-23,REF07,IOCL Bongaigaon,IOCL,PSU,192.05,98.07
2022-09-01,FY 2022-23,REF08,IOCL Guwahati,IOCL,PSU,79.02,94.82
2022-09-01,FY 2022-23,REF09,IOCL Digboi,IOCL,PSU,53.54,98.84
2022-09-01,FY 2022-23,REF10,BPCL Kochi,BPCL,PSU,1269.49,98.28
2022-09-01,FY 2022-23,REF11,BPCL Mumbai,BPCL,PSU,893.43,89.34
2022-09-01,FY 2022-23,REF12,HPCL Mumbai,HPCL,PSU,735.7,92.93
2022-09-01,FY 2022-23,REF13,HPCL Visakhapatnam,HPCL,PSU,821.98,89.67
2022-09-01,FY 2022-23,REF14,CPCL Manali (Chennai),CPCL (IOCL),PSU,875.85,100.1
2022-09-01,FY 2022-23,REF15,MRPL Mangalore,MRPL (ONGC),PSU,1331.95,106.56
2022-09-01,FY 2022-23,REF16,NRL Numaligarh,NRL (OIL),PSU,238.57,95.43
2022-09-01,FY 2022-23,REF17,HMEL Bathinda (GGSR),HMEL (HPCL-Mittal),JV,978.36,103.9
2022-09-01,FY 2022-23,REF18,BORL Bina,BPCL (BORL),PSU,650.04,100.01
2022-09-01,FY 2022-23,REF19,Reliance Jamnagar (DTA),Reliance Industries,Private,3021.7,109.88
2022-09-01,FY 2022-23,REF20,Reliance Jamnagar (SEZ Export),Reliance Industries,Private,3229.9,110.11
2022-09-01,FY 2022-23,REF21,Nayara Energy (Vadinar),Nayara Energy,Private,1907.75,114.46
2022-10-01,FY 2022-23,REF01,IOCL Panipat,IOCL,PSU,1274.8,101.98
2022-10-01,FY 2022-23,REF02,IOCL Koyali (Gujarat),IOCL,PSU,1116.45,97.79
2022-10-01,FY 2022-23,REF03,IOCL Paradip,IOCL,PSU,1234.22,98.74
2022-10-01,FY 2022-23,REF04,IOCL Mathura,IOCL,PSU,660.76,99.11
2022-10-01,FY 2022-23,REF05,IOCL Haldia,IOCL,PSU,615.21,98.43
2022-10-01,FY 2022-23,REF06,IOCL Barauni,IOCL,PSU,538.31,107.66
2022-10-01,FY 2022-23,REF07,IOCL Bongaigaon,IOCL,PSU,202.9,103.61
2022-10-01,FY 2022-23,REF08,IOCL Guwahati,IOCL,PSU,78.73,94.47
2022-10-01,FY 2022-23,REF09,IOCL Digboi,IOCL,PSU,55.75,102.92
2022-10-01,FY 2022-23,REF10,BPCL Kochi,BPCL,PSU,1250.07,96.78
2022-10-01,FY 2022-23,REF11,BPCL Mumbai,BPCL,PSU,1037.71,103.77
2022-10-01,FY 2022-23,REF12,HPCL Mumbai,HPCL,PSU,834.6,105.42
2022-10-01,FY 2022-23,REF13,HPCL Visakhapatnam,HPCL,PSU,917.35,100.07
2022-10-01,FY 2022-23,REF14,CPCL Manali (Chennai),CPCL (IOCL),PSU,863.58,98.69
2022-10-01,FY 2022-23,REF15,MRPL Mangalore,MRPL (ONGC),PSU,1336.05,106.88
2022-10-01,FY 2022-23,REF16,NRL Numaligarh,NRL (OIL),PSU,245.51,98.2
2022-10-01,FY 2022-23,REF17,HMEL Bathinda (GGSR),HMEL (HPCL-Mittal),JV,956.84,101.61
2022-10-01,FY 2022-23,REF18,BORL Bina,BPCL (BORL),PSU,631.8,97.2
2022-10-01,FY 2022-23,REF19,Reliance Jamnagar (DTA),Reliance Industries,Private,2963.18,107.75
2022-10-01,FY 2022-23,REF20,Reliance Jamnagar (SEZ Export),Reliance Industries,Private,2073.1,70.67
2022-10-01,FY 2022-23,REF21,Nayara Energy (Vadinar),Nayara Energy,Private,1847.57,110.85
2022-11-01,FY 2022-23,REF01,IOCL Panipat,IOCL,PSU,1288.84,103.11
2022-11-01,FY 2022-23,REF02,IOCL Koyali (Gujarat),IOCL,PSU,1176.38,103.04
2022-11-01,FY 2022-23,REF03,IOCL Paradip,IOCL,PSU,1326.13,106.09
2022-11-01,FY 2022-23,REF04,IOCL Mathura,IOCL,PSU,646.86,97.03
2022-11-01,FY 2022-23,REF05,IOCL Haldia,IOCL,PSU,595.12,95.22
2022-11-01,FY 2022-23,REF06,IOCL Barauni,IOCL,PSU,516.55,103.31
2022-11-01,FY 2022-23,REF07,IOCL Bongaigaon,IOCL,PSU,196.78,100.49
2022-11-01,FY 2022-23,REF08,IOCL Guwahati,IOCL,PSU,87.35,104.82
2022-11-01,FY 2022-23,REF09,IOCL Digboi,IOCL,PSU,54.62,100.85
2022-11-01,FY 2022-23,REF10,BPCL Kochi,BPCL,PSU,1273.15,98.57
2022-11-01,FY 2022-23,REF11,BPCL Mumbai,BPCL,PSU,1033.7,103.37
2022-11-01,FY 2022-23,REF12,HPCL Mumbai,HPCL,PSU,802.16,101.33
2022-11-01,FY 2022-23,REF13,HPCL Visakhapatnam,HPCL,PSU,924.44,100.85
2022-11-01,FY 2022-23,REF14,CPCL Manali (Chennai),CPCL (IOCL),PSU,967.34,110.55
2022-11-01,FY 2022-23,REF15,MRPL Mangalore,MRPL (ONGC),PSU,859.11,68.73
2022-11-01,FY 2022-23,REF16,NRL Numaligarh,NRL (OIL),PSU,259.73,103.89
2022-11-01,FY 2022-23,REF17,HMEL Bathinda (GGSR),HMEL (HPCL-Mittal),JV,982.49,104.34
2022-11-01,FY 2022-23,REF18,BORL Bina,BPCL (BORL),PSU,657.18,101.1
2022-11-01,FY 2022-23,REF19,Reliance Jamnagar (DTA),Reliance Industries,Private,2944.96,107.09
2022-11-01,FY 2022-23,REF20,Reliance Jamnagar (SEZ Export),Reliance Industries,Private,3186.53,108.63
2022-11-01,FY 2022-23,REF21,Nayara Energy (Vadinar),Nayara Energy,Private,1775.58,106.53
2022-12-01,FY 2022-23,REF01,IOCL Panipat,IOCL,PSU,1203.05,96.24
2022-12-01,FY 2022-23,REF02,IOCL Koyali (Gujarat),IOCL,PSU,1150.81,100.8
2022-12-01,FY 2022-23,REF03,IOCL Paradip,IOCL,PSU,1277.05,102.16
2022-12-01,FY 2022-23,REF04,IOCL Mathura,IOCL,PSU,698.88,104.83
2022-12-01,FY 2022-23,REF05,IOCL Haldia,IOCL,PSU,611.48,97.84
2022-12-01,FY 2022-23,REF06,IOCL Barauni,IOCL,PSU,505.68,101.14
2022-12-01,FY 2022-23,REF07,IOCL Bongaigaon,IOCL,PSU,201.86,103.08
2022-12-01,FY 2022-23,REF08,IOCL Guwahati,IOCL,PSU,85.82,102.98
2022-12-01,FY 2022-23,REF09,IOCL Digboi,IOCL,PSU,58.18,107.42
2022-12-01,FY 2022-23,REF10,BPCL Kochi,BPCL,PSU,1289.85,99.86
2022-12-01,FY 2022-23,REF11,BPCL Mumbai,BPCL,PSU,975.27,97.53
2022-12-01,FY 2022-23,REF12,HPCL Mumbai,HPCL,PSU,802.68,101.39
2022-12-01,FY 2022-23,REF13,HPCL Visakhapatnam,HPCL,PSU,917.18,100.06
2022-12-01,FY 2022-23,REF14,CPCL Manali (Chennai),CPCL (IOCL),PSU,869.51,99.37
2022-12-01,FY 2022-23,REF15,MRPL Mangalore,MRPL (ONGC),PSU,1235.76,98.86
2022-12-01,FY 2022-23,REF16,NRL Numaligarh,NRL (OIL),PSU,255.45,102.18
2022-12-01,FY 2022-23,REF17,HMEL Bathinda (GGSR),HMEL (HPCL-Mittal),JV,960.54,102.0
2022-12-01,FY 2022-23,REF18,BORL Bina,BPCL (BORL),PSU,675.27,103.89
2022-12-01,FY 2022-23,REF19,Reliance Jamnagar (DTA),Reliance Industries,Private,3025.44,110.02
2022-12-01,FY 2022-23,REF20,Reliance Jamnagar (SEZ Export),Reliance Industries,Private,3201.81,109.15
2022-12-01,FY 2022-23,REF21,Nayara Energy (Vadinar),Nayara Energy,Private,1750.28,105.02
2023-01-01,FY 2022-23,REF01,IOCL Panipat,IOCL,PSU,1274.98,102.0
2023-01-01,FY 2022-23,REF02,IOCL Koyali (Gujarat),IOCL,PSU,1200.09,105.12
2023-01-01,FY 2022-23,REF03,IOCL Paradip,IOCL,PSU,1302.34,104.19
2023-01-01,FY 2022-23,REF04,IOCL Mathura,IOCL,PSU,690.55,103.58
2023-01-01,FY 2022-23,REF05,IOCL Haldia,IOCL,PSU,631.73,101.08
2023-01-01,FY 2022-23,REF06,IOCL Barauni,IOCL,PSU,504.52,100.9
2023-01-01,FY 2022-23,REF07,IOCL Bongaigaon,IOCL,PSU,207.21,105.81
2023-01-01,FY 2022-23,REF08,IOCL Guwahati,IOCL,PSU,85.1,102.12
2023-01-01,FY 2022-23,REF09,IOCL Digboi,IOCL,PSU,55.34,102.17
2023-01-01,FY 2022-23,REF10,BPCL Kochi,BPCL,PSU,1446.94,112.02
2023-01-01,FY 2022-23,REF11,BPCL Mumbai,BPCL,PSU,997.78,99.78
2023-01-01,FY 2022-23,REF12,HPCL Mumbai,HPCL,PSU,733.39,92.64
2023-01-01,FY 2022-23,REF13,HPCL Visakhapatnam,HPCL,PSU,919.59,100.32
2023-01-01,FY 2022-23,REF14,CPCL Manali (Chennai),CPCL (IOCL),PSU,879.74,100.54
2023-01-01,FY 2022-23,REF15,MRPL Mangalore,MRPL (ONGC),PSU,1275.71,102.06
2023-01-01,FY 2022-23,REF16,NRL Numaligarh,NRL (OIL),PSU,257.36,102.94
2023-01-01,FY 2022-23,REF17,HMEL Bathinda (GGSR),HMEL (HPCL-Mittal),JV,924.26,98.15
2023-01-01,FY 2022-23,REF18,BORL Bina,BPCL (BORL),PSU,669.68,103.03
2023-01-01,FY 2022-23,REF19,Reliance Jamnagar (DTA),Reliance Industries,Private,2965.26,107.83
2023-01-01,FY 2022-23,REF20,Reliance Jamnagar (SEZ Export),Reliance Industries,Private,3144.88,107.21
2023-01-01,FY 2022-23,REF21,Nayara Energy (Vadinar),Nayara Energy,Private,1720.21,103.21
2023-02-01,FY 2022-23,REF01,IOCL Panipat,IOCL,PSU,1333.87,106.71
2023-02-01,FY 2022-23,REF02,IOCL Koyali (Gujarat),IOCL,PSU,1133.93,99.32
2023-02-01,FY 2022-23,REF03,IOCL Paradip,IOCL,PSU,1295.47,103.64
2023-02-01,FY 2022-23,REF04,IOCL Mathura,IOCL,PSU,651.89,97.78
2023-02-01,FY 2022-23,REF05,IOCL Haldia,IOCL,PSU,638.93,102.23
2023-02-01,FY 2022-23,REF06,IOCL Barauni,IOCL,PSU,500.04,100.01
2023-02-01,FY 2022-23,REF07,IOCL Bongaigaon,IOCL,PSU,202.71,103.51
2023-02-01,FY 2022-23,REF08,IOCL Guwahati,IOCL,PSU,83.23,99.88
2023-02-01,FY 2022-23,REF09,IOCL Digboi,IOCL,PSU,52.88,97.62
2023-02-01,FY 2022-23,REF10,BPCL Kochi,BPCL,PSU,1303.85,100.94
2023-02-01,FY 2022-23,REF11,BPCL Mumbai,BPCL,PSU,1007.49,100.75
2023-02-01,FY 2022-23,REF12,HPCL Mumbai,HPCL,PSU,807.22,101.96
2023-02-01,FY 2022-23,REF13,HPCL Visakhapatnam,HPCL,PSU,959.7,104.69
2023-02-01,FY 2022-23,REF14,CPCL Manali (Chennai),CPCL (IOCL),PSU,846.98,96.8
2023-02-01,FY 2022-23,REF15,MRPL Mangalore,MRPL (ONGC),PSU,1305.94,104.48
2023-02-01,FY 2022-23,REF16,NRL Numaligarh,NRL (OIL),PSU,240.64,96.25
2023-02-01,FY 2022-23,REF17,HMEL Bathinda (GGSR),HMEL (HPCL-Mittal),JV,995.94,105.76
2023-02-01,FY 2022-23,REF18,BORL Bina,BPCL (BORL),PSU,672.61,103.48
2023-02-01,FY 2022-23,REF19,Reliance Jamnagar (DTA),Reliance Industries,Private,2931.35,106.59
2023-02-01,FY 2022-23,REF20,Reliance Jamnagar (SEZ Export),Reliance Industries,Private,3101.23,105.72
2023-02-01,FY 2022-23,REF21,Nayara Energy (Vadinar),Nayara Energy,Private,1143.79,68.63
2023-03-01,FY 2022-23,REF01,IOCL Panipat,IOCL,PSU,1266.28,101.3
2023-03-01,FY 2022-23,REF02,IOCL Koyali (Gujarat),IOCL,PSU,1184.39,103.74
2023-03-01,FY 2022-23,REF03,IOCL Paradip,IOCL,PSU,1255.42,100.43
2023-03-01,FY 2022-23,REF04,IOCL Mathura,IOCL,PSU,615.25,92.29
2023-03-01,FY 2022-23,REF05,IOCL Haldia,IOCL,PSU,618.01,98.88
2023-03-01,FY 2022-23,REF06,IOCL Barauni,IOCL,PSU,493.76,98.75
2023-03-01,FY 2022-23,REF07,IOCL Bongaigaon,IOCL,PSU,201.55,102.92
2023-03-01,FY 2022-23,REF08,IOCL Guwahati,IOCL,PSU,85.94,103.12
2023-03-01,FY 2022-23,REF09,IOCL Digboi,IOCL,PSU,55.03,101.6
2023-03-01,FY 2022-23,REF10,BPCL Kochi,BPCL,PSU,1349.57,104.48
2023-03-01,FY 2022-23,REF11,BPCL Mumbai,BPCL,PSU,1047.95,104.8
2023-03-01,FY 2022-23,REF12,HPCL Mumbai,HPCL,PSU,784.52,99.1
2023-03-01,FY 2022-23,REF13,HPCL Visakhapatnam,HPCL,PSU,895.54,97.7
2023-03-01,FY 2022-23,REF14,CPCL Manali (Chennai),CPCL (IOCL),PSU,881.09,100.7
2023-03-01,FY 2022-23,REF15,MRPL Mangalore,MRPL (ONGC),PSU,1178.27,94.26
2023-03-01,FY 2022-23,REF16,NRL Numaligarh,NRL (OIL),PSU,253.97,101.59
2023-03-01,FY 2022-23,REF17,HMEL Bathinda (GGSR),HMEL (HPCL-Mittal),JV,964.58,102.43
2023-03-01,FY 2022-23,REF18,BORL Bina,BPCL (BORL),PSU,736.5,113.31
2023-03-01,FY 2022-23,REF19,Reliance Jamnagar (DTA),Reliance Industries,Private,3082.21,112.08
2023-03-01,FY 2022-23,REF20,Reliance Jamnagar (SEZ Export),Reliance Industries,Private,3114.5,106.18
2023-03-01,FY 2022-23,REF21,Nayara Energy (Vadinar),Nayara Energy,Private,1749.28,104.96
2023-04-01,FY 2023-24,REF01,IOCL Panipat,IOCL,PSU,1228.43,98.27
2023-04-01,FY 2023-24,REF02,IOCL Koyali (Gujarat),IOCL,PSU,1197.28,104.87
2023-04-01,FY 2023-24,REF03,IOCL Paradip,IOCL,PSU,1312.19,104.98
2023-04-01,FY 2023-24,REF04,IOCL Mathura,IOCL,PSU,709.97,106.5
2023-04-01,FY 2023-24,REF05,IOCL Haldia,IOCL,PSU,609.94,97.59
2023-04-01,FY 2023-24,REF06,IOCL Barauni,IOCL,PSU,514.51,102.9
2023-04-01,FY 2023-24,REF07,IOCL Bongaigaon,IOCL,PSU,191.75,97.91
2023-04-01,FY 2023-24,REF08,IOCL Guwahati,IOCL,PSU,89.53,107.44
2023-04-01,FY 2023-24,REF09,IOCL Digboi,IOCL,PSU,52.93,97.71
2023-04-01,FY 2023-24,REF10,BPCL Kochi,BPCL,PSU,1241.59,96.12
2023-04-01,FY 2023-24,REF11,BPCL Mumbai,BPCL,PSU,967.43,96.74
2023-04-01,FY 2023-24,REF12,HPCL Mumbai,HPCL,PSU,799.27,100.96
2023-04-01,FY 2023-24,REF13,HPCL Visakhapatnam,HPCL,PSU,950.43,103.68
2023-04-01,FY 2023-24,REF14,CPCL Manali (Chennai),CPCL (IOCL),PSU,904.88,103.42
2023-04-01,FY 2023-24,REF15,MRPL Mangalore,MRPL (ONGC),PSU,1211.13,96.89
2023-04-01,FY 2023-24,REF16,NRL Numaligarh,NRL (OIL),PSU,248.77,99.51
2023-04-01,FY 2023-24,REF17,HMEL Bathinda (GGSR),HMEL (HPCL-Mittal),JV,965.31,102.51
2023-04-01,FY 2023-24,REF18,BORL Bina,BPCL (BORL),PSU,626.51,96.39
2023-04-01,FY 2023-24,REF19,Reliance Jamnagar (DTA),Reliance Industries,Private,2927.24,106.45
2023-04-01,FY 2023-24,REF20,Reliance Jamnagar (SEZ Export),Reliance Industries,Private,3284.62,111.98
2023-04-01,FY 2023-24,REF21,Nayara Energy (Vadinar),Nayara Energy,Private,1736.4,104.18
2023-05-01,FY 2023-24,REF01,IOCL Panipat,IOCL,PSU,1273.07,101.85
2023-05-01,FY 2023-24,REF02,IOCL Koyali (Gujarat),IOCL,PSU,1214.78,106.4
2023-05-01,FY 2023-24,REF03,IOCL Paradip,IOCL,PSU,1327.14,106.17
2023-05-01,FY 2023-24,REF04,IOCL Mathura,IOCL,PSU,717.7,107.65
2023-05-01,FY 2023-24,REF05,IOCL Haldia,IOCL,PSU,638.88,102.22
2023-05-01,FY 2023-24,REF06,IOCL Barauni,IOCL,PSU,513.95,102.79
2023-05-01,FY 2023-24,REF07,IOCL Bongaigaon,IOCL,PSU,193.87,99.0
2023-05-01,FY 2023-24,REF08,IOCL Guwahati,IOCL,PSU,79.86,95.84
2023-05-01,FY 2023-24,REF09,IOCL Digboi,IOCL,PSU,35.36,65.28
2023-05-01,FY 2023-24,REF10,BPCL Kochi,BPCL,PSU,1361.24,105.39
2023-05-01,FY 2023-24,REF11,BPCL Mumbai,BPCL,PSU,922.35,92.23
2023-05-01,FY 2023-24,REF12,HPCL Mumbai,HPCL,PSU,785.02,99.16
2023-05-01,FY 2023-24,REF13,HPCL Visakhapatnam,HPCL,PSU,945.76,103.17
2023-05-01,FY 2023-24,REF14,CPCL Manali (Chennai),CPCL (IOCL),PSU,883.86,101.01
2023-05-01,FY 2023-24,REF15,MRPL Mangalore,MRPL (ONGC),PSU,1324.0,105.92
2023-05-01,FY 2023-24,REF16,NRL Numaligarh,NRL (OIL),PSU,262.33,104.93
2023-05-01,FY 2023-24,REF17,HMEL Bathinda (GGSR),HMEL (HPCL-Mittal),JV,939.78,99.8
2023-05-01,FY 2023-24,REF18,BORL Bina,BPCL (BORL),PSU,658.65,101.33
2023-05-01,FY 2023-24,REF19,Reliance Jamnagar (DTA),Reliance Industries,Private,2909.93,105.82
2023-05-01,FY 2023-24,REF20,Reliance Jamnagar (SEZ Export),Reliance Industries,Private,3102.9,105.78
2023-05-01,FY 2023-24,REF21,Nayara Energy (Vadinar),Nayara Energy,Private,1733.27,104.0
2023-06-01,FY 2023-24,REF01,IOCL Panipat,IOCL,PSU,1274.51,101.96
2023-06-01,FY 2023-24,REF02,IOCL Koyali (Gujarat),IOCL,PSU,1210.31,106.01
2023-06-01,FY 2023-24,REF03,IOCL Paradip,IOCL,PSU,1278.84,102.31
2023-06-01,FY 2023-24,REF04,IOCL Mathura,IOCL,PSU,636.29,95.44
2023-06-01,FY 2023-24,REF05,IOCL Haldia,IOCL,PSU,629.96,100.79
2023-06-01,FY 2023-24,REF06,IOCL Barauni,IOCL,PSU,515.06,103.01
2023-06-01,FY 2023-24,REF07,IOCL Bongaigaon,IOCL,PSU,196.83,100.51
2023-06-01,FY 2023-24,REF08,IOCL Guwahati,IOCL,PSU,85.2,102.24
2023-06-01,FY 2023-24,REF09,IOCL Digboi,IOCL,PSU,53.29,98.38
2023-06-01,FY 2023-24,REF10,BPCL Kochi,BPCL,PSU,1292.4,100.06
2023-06-01,FY 2023-24,REF11,BPCL Mumbai,BPCL,PSU,998.22,99.82
2023-06-01,FY 2023-24,REF12,HPCL Mumbai,HPCL,PSU,845.59,106.81
2023-06-01,FY 2023-24,REF13,HPCL Visakhapatnam,HPCL,PSU,888.86,96.97
2023-06-01,FY 2023-24,REF14,CPCL Manali (Chennai),CPCL (IOCL),PSU,810.74,92.66
2023-06-01,FY 2023-24,REF15,MRPL Mangalore,MRPL (ONGC),PSU,1331.42,106.51
2023-06-01,FY 2023-24,REF16,NRL Numaligarh,NRL (OIL),PSU,253.66,101.46
2023-06-01,FY 2023-24,REF17,HMEL Bathinda (GGSR),HMEL (HPCL-Mittal),JV,945.49,100.41
2023-06-01,FY 2023-24,REF18,BORL Bina,BPCL (BORL),PSU,679.56,104.55
2023-06-01,FY 2023-24,REF19,Reliance Jamnagar (DTA),Reliance Industries,Private,3016.6,109.69
2023-06-01,FY 2023-24,REF20,Reliance Jamnagar (SEZ Export),Reliance Industries,Private,3311.95,112.91
2023-06-01,FY 2023-24,REF21,Nayara Energy (Vadinar),Nayara Energy,Private,1809.63,108.58
2023-07-01,FY 2023-24,REF01,IOCL Panipat,IOCL,PSU,1382.11,110.57
2023-07-01,FY 2023-24,REF02,IOCL Koyali (Gujarat),IOCL,PSU,1147.84,100.54
2023-07-01,FY 2023-24,REF03,IOCL Paradip,IOCL,PSU,1290.84,103.27
2023-07-01,FY 2023-24,REF04,IOCL Mathura,IOCL,PSU,692.3,103.85
2023-07-01,FY 2023-24,REF05,IOCL Haldia,IOCL,PSU,709.07,113.45
2023-07-01,FY 2023-24,REF06,IOCL Barauni,IOCL,PSU,496.52,99.3
2023-07-01,FY 2023-24,REF07,IOCL Bongaigaon,IOCL,PSU,194.24,99.19
2023-07-01,FY 2023-24,REF08,IOCL Guwahati,IOCL,PSU,86.61,103.93
2023-07-01,FY 2023-24,REF09,IOCL Digboi,IOCL,PSU,51.95,95.9
2023-07-01,FY 2023-24,REF10,BPCL Kochi,BPCL,PSU,1266.65,98.06
2023-07-01,FY 2023-24,REF11,BPCL Mumbai,BPCL,PSU,1004.34,100.43
2023-07-01,FY 2023-24,REF12,HPCL Mumbai,HPCL,PSU,552.63,69.81
2023-07-01,FY 2023-24,REF13,HPCL Visakhapatnam,HPCL,PSU,952.73,103.93
2023-07-01,FY 2023-24,REF14,CPCL Manali (Chennai),CPCL (IOCL),PSU,886.43,101.31
2023-07-01,FY 2023-24,REF15,MRPL Mangalore,MRPL (ONGC),PSU,1236.91,98.95
2023-07-01,FY 2023-24,REF16,NRL Numaligarh,NRL (OIL),PSU,231.45,92.58
2023-07-01,FY 2023-24,REF17,HMEL Bathinda (GGSR),HMEL (HPCL-Mittal),JV,1037.02,110.13
2023-07-01,FY 2023-24,REF18,BORL Bina,BPCL (BORL),PSU,654.99,100.77
2023-07-01,FY 2023-24,REF19,Reliance Jamnagar (DTA),Reliance Industries,Private,2909.35,105.79
2023-07-01,FY 2023-24,REF20,Reliance Jamnagar (SEZ Export),Reliance Industries,Private,3368.38,114.83
2023-07-01,FY 2023-24,REF21,Nayara Energy (Vadinar),Nayara Energy,Private,1738.27,104.3
2023-08-01,FY 2023-24,REF01,IOCL Panipat,IOCL,PSU,1326.9,106.15
2023-08-01,FY 2023-24,REF02,IOCL Koyali (Gujarat),IOCL,PSU,1153.75,101.06
2023-08-01,FY 2023-24,REF03,IOCL Paradip,IOCL,PSU,1299.05,103.92
2023-08-01,FY 2023-24,REF04,IOCL Mathura,IOCL,PSU,687.69,103.15
2023-08-01,FY 2023-24,REF05,IOCL Haldia,IOCL,PSU,649.14,103.86
2023-08-01,FY 2023-24,REF06,IOCL Barauni,IOCL,PSU,552.89,110.58
2023-08-01,FY 2023-24,REF07,IOCL Bongaigaon,IOCL,PSU,214.91,109.74
2023-08-01,FY 2023-24,REF08,IOCL Guwahati,IOCL,PSU,81.88,98.25
2023-08-01,FY 2023-24,REF09,IOCL Digboi,IOCL,PSU,55.79,103.0
2023-08-01,FY 2023-24,REF10,BPCL Kochi,BPCL,PSU,1217.15,94.23
2023-08-01,FY 2023-24,REF11,BPCL Mumbai,BPCL,PSU,1043.12,104.31
2023-08-01,FY 2023-24,REF12,HPCL Mumbai,HPCL,PSU,833.5,105.28
2023-08-01,FY 2023-24,REF13,HPCL Visakhapatnam,HPCL,PSU,849.77,92.7
2023-08-01,FY 2023-24,REF14,CPCL Manali (Chennai),CPCL (IOCL),PSU,882.98,100.91
2023-08-01,FY 2023-24,REF15,MRPL Mangalore,MRPL (ONGC),PSU,1298.95,103.92
2023-08-01,FY 2023-24,REF16,NRL Numaligarh,NRL (OIL),PSU,256.01,102.4
2023-08-01,FY 2023-24,REF17,HMEL Bathinda (GGSR),HMEL (HPCL-Mittal),JV,944.96,100.35
2023-08-01,FY 2023-24,REF18,BORL Bina,BPCL (BORL),PSU,627.34,96.51
2023-08-01,FY 2023-24,REF19,Reliance Jamnagar (DTA),Reliance Industries,Private,2958.57,107.58
2023-08-01,FY 2023-24,REF20,Reliance Jamnagar (SEZ Export),Reliance Industries,Private,3130.7,106.73
2023-08-01,FY 2023-24,REF21,Nayara Energy (Vadinar),Nayara Energy,Private,1783.24,106.99
2023-09-01,FY 2023-24,REF01,IOCL Panipat,IOCL,PSU,1195.45,95.64
2023-09-01,FY 2023-24,REF02,IOCL Koyali (Gujarat),IOCL,PSU,1154.52,101.13
2023-09-01,FY 2023-24,REF03,IOCL Paradip,IOCL,PSU,1342.88,107.43
2023-09-01,FY 2023-24,REF04,IOCL Mathura,IOCL,PSU,641.9,96.28
2023-09-01,FY 2023-24,REF05,IOCL Haldia,IOCL,PSU,625.76,100.12
2023-09-01,FY 2023-24,REF06,IOCL Barauni,IOCL,PSU,517.19,103.44
2023-09-01,FY 2023-24,REF07,IOCL Bongaigaon,IOCL,PSU,185.61,94.78
2023-09-01,FY 2023-24,REF08,IOCL Guwahati,IOCL,PSU,84.3,101.17
2023-09-01,FY 2023-24,REF09,IOCL Digboi,IOCL,PSU,56.96,105.15
2023-09-01,FY 2023-24,REF10,BPCL Kochi,BPCL,PSU,1253.25,97.03
2023-09-01,FY 2023-24,REF11,BPCL Mumbai,BPCL,PSU,1015.44,101.54
2023-09-01,FY 2023-24,REF12,HPCL Mumbai,HPCL,PSU,829.87,104.83
2023-09-01,FY 2023-24,REF13,HPCL Visakhapatnam,HPCL,PSU,1011.07,110.3
2023-09-01,FY 2023-24,REF14,CPCL Manali (Chennai),CPCL (IOCL),PSU,886.71,101.34
2023-09-01,FY 2023-24,REF15,MRPL Mangalore,MRPL (ONGC),PSU,1226.82,98.15
2023-09-01,FY 2023-24,REF16,NRL Numaligarh,NRL (OIL),PSU,234.29,93.72
2023-09-01,FY 2023-24,REF17,HMEL Bathinda (GGSR),HMEL (HPCL-Mittal),JV,959.4,101.88
2023-09-01,FY 2023-24,REF18,BORL Bina,BPCL (BORL),PSU,620.31,95.43
2023-09-01,FY 2023-24,REF19,Reliance Jamnagar (DTA),Reliance Industries,Private,3110.59,113.11
2023-09-01,FY 2023-24,REF20,Reliance Jamnagar (SEZ Export),Reliance Industries,Private,3246.25,110.67
2023-09-01,FY 2023-24,REF21,Nayara Energy (Vadinar),Nayara Energy,Private,1743.91,104.63
2023-10-01,FY 2023-24,REF01,IOCL Panipat,IOCL,PSU,1224.16,97.93
2023-10-01,FY 2023-24,REF02,IOCL Koyali (Gujarat),IOCL,PSU,1156.19,101.27
2023-10-01,FY 2023-24,REF03,IOCL Paradip,IOCL,PSU,1313.94,105.12
2023-10-01,FY 2023-24,REF04,IOCL Mathura,IOCL,PSU,686.71,103.01
2023-10-01,FY 2023-24,REF05,IOCL Haldia,IOCL,PSU,641.26,102.6
2023-10-01,FY 2023-24,REF06,IOCL Barauni,IOCL,PSU,509.03,101.81
2023-10-01,FY 2023-24,REF07,IOCL Bongaigaon,IOCL,PSU,189.38,96.71
2023-10-01,FY 2023-24,REF08,IOCL Guwahati,IOCL,PSU,84.44,101.32
2023-10-01,FY 2023-24,REF09,IOCL Digboi,IOCL,PSU,54.62,100.84
2023-10-01,FY 2023-24,REF10,BPCL Kochi,BPCL,PSU,1232.03,95.38
2023-10-01,FY 2023-24,REF11,BPCL Mumbai,BPCL,PSU,1076.93,107.69
2023-10-01,FY 2023-24,REF12,HPCL Mumbai,HPCL,PSU,780.92,98.64
2023-10-01,FY 2023-24,REF13,HPCL Visakhapatnam,HPCL,PSU,875.21,95.48
2023-10-01,FY 2023-24,REF14,CPCL Manali (Chennai),CPCL (IOCL),PSU,868.48,99.26
2023-10-01,FY 2023-24,REF15,MRPL Mangalore,MRPL (ONGC),PSU,1249.62,99.97
2023-10-01,FY 2023-24,REF16,NRL Numaligarh,NRL (OIL),PSU,251.8,100.72
2023-10-01,FY 2023-24,REF17,HMEL Bathinda (GGSR),HMEL (HPCL-Mittal),JV,971.6,103.18
2023-10-01,FY 2023-24,REF18,BORL Bina,BPCL (BORL),PSU,656.13,100.94
2023-10-01,FY 2023-24,REF19,Reliance Jamnagar (DTA),Reliance Industries,Private,2982.34,108.45
2023-10-01,FY 2023-24,REF20,Reliance Jamnagar (SEZ Export),Reliance Industries,Private,3176.61,108.29
2023-10-01,FY 2023-24,REF21,Nayara Energy (Vadinar),Nayara Energy,Private,1819.63,109.18
2023-11-01,FY 2023-24,REF01,IOCL Panipat,IOCL,PSU,1285.18,102.81
2023-11-01,FY 2023-24,REF02,IOCL Koyali (Gujarat),IOCL,PSU,1174.98,102.92
2023-11-01,FY 2023-24,REF03,IOCL Paradip,IOCL,PSU,1298.95,103.92
2023-11-01,FY 2023-24,REF04,IOCL Mathura,IOCL,PSU,654.87,98.23
2023-11-01,FY 2023-24,REF05,IOCL Haldia,IOCL,PSU,614.77,98.36
2023-11-01,FY 2023-24,REF06,IOCL Barauni,IOCL,PSU,525.68,105.14
2023-11-01,FY 2023-24,REF07,IOCL Bongaigaon,IOCL,PSU,194.6,99.37
2023-11-01,FY 2023-24,REF08,IOCL Guwahati,IOCL,PSU,83.75,100.5
2023-11-01,FY 2023-24,REF09,IOCL Digboi,IOCL,PSU,54.25,100.15
2023-11-01,FY 2023-24,REF10,BPCL Kochi,BPCL,PSU,1422.17,110.1
2023-11-01,FY 2023-24,REF11,BPCL Mumbai,BPCL,PSU,975.91,97.59
2023-11-01,FY 2023-24,REF12,HPCL Mumbai,HPCL,PSU,772.06,97.52
2023-11-01,FY 2023-24,REF13,HPCL Visakhapatnam,HPCL,PSU,925.43,100.96
2023-11-01,FY 2023-24,REF14,CPCL Manali (Chennai),CPCL (IOCL),PSU,877.3,100.26
2023-11-01,FY 2023-24,REF15,MRPL Mangalore,MRPL (ONGC),PSU,1205.99,96.48
2023-11-01,FY 2023-24,REF16,NRL Numaligarh,NRL (OIL),PSU,251.58,100.63
2023-11-01,FY 2023-24,REF17,HMEL Bathinda (GGSR),HMEL (HPCL-Mittal),JV,979.79,104.05
2023-11-01,FY 2023-24,REF18,BORL Bina,BPCL (BORL),PSU,643.41,98.99
2023-11-01,FY 2023-24,REF19,Reliance Jamnagar (DTA),Reliance Industries,Private,2957.57,107.55
2023-11-01,FY 2023-24,REF20,Reliance Jamnagar (SEZ Export),Reliance Industries,Private,3100.58,105.7
2023-11-01,FY 2023-24,REF21,Nayara Energy (Vadinar),Nayara Energy,Private,1743.6,104.62
2023-12-01,FY 2023-24,REF01,IOCL Panipat,IOCL,PSU,1241.77,99.34
2023-12-01,FY 2023-24,REF02,IOCL Koyali (Gujarat),IOCL,PSU,1107.64,97.02
2023-12-01,FY 2023-24,REF03,IOCL Paradip,IOCL,PSU,1197.42,95.79
2023-12-01,FY 2023-24,REF04,IOCL Mathura,IOCL,PSU,405.55,60.83
2023-12-01,FY 2023-24,REF05,IOCL Haldia,IOCL,PSU,636.72,101.87
2023-12-01,FY 2023-24,REF06,IOCL Barauni,IOCL,PSU,496.07,99.21
2023-12-01,FY 2023-24,REF07,IOCL Bongaigaon,IOCL,PSU,205.94,105.16
2023-12-01,FY 2023-24,REF08,IOCL Guwahati,IOCL,PSU,77.65,93.18
2023-12-01,FY 2023-24,REF09,IOCL Digboi,IOCL,PSU,53.91,99.52
2023-12-01,FY 2023-24,REF10,BPCL Kochi,BPCL,PSU,1315.63,101.86
2023-12-01,FY 2023-24,REF11,BPCL Mumbai,BPCL,PSU,984.58,98.46
2023-12-01,FY 2023-24,REF12,HPCL Mumbai,HPCL,PSU,798.28,100.83
2023-12-01,FY 2023-24,REF13,HPCL Visakhapatnam,HPCL,PSU,858.13,93.61
2023-12-01,FY 2023-24,REF14,CPCL Manali (Chennai),CPCL (IOCL),PSU,868.75,99.29
2023-12-01,FY 2023-24,REF15,MRPL Mangalore,MRPL (ONGC),PSU,1220.18,97.61
2023-12-01,FY 2023-24,REF16,NRL Numaligarh,NRL (OIL),PSU,261.76,104.7
2023-12-01,FY 2023-24,REF17,HMEL Bathinda (GGSR),HMEL (HPCL-Mittal),JV,983.56,104.45
2023-12-01,FY 2023-24,REF18,BORL Bina,BPCL (BORL),PSU,676.54,104.08
2023-12-01,FY 2023-24,REF19,Reliance Jamnagar (DTA),Reliance Industries,Private,3065.69,111.48
2023-12-01,FY 2023-24,REF20,Reliance Jamnagar (SEZ Export),Reliance Industries,Private,3123.47,106.48
2023-12-01,FY 2023-24,REF21,Nayara Energy (Vadinar),Nayara Energy,Private,1805.36,108.32
2024-01-01,FY 2023-24,REF01,IOCL Panipat,IOCL,PSU,1208.57,96.69
2024-01-01,FY 2023-24,REF02,IOCL Koyali (Gujarat),IOCL,PSU,1169.54,102.44
2024-01-01,FY 2023-24,REF03,IOCL Paradip,IOCL,PSU,1287.71,103.02
2024-01-01,FY 2023-24,REF04,IOCL Mathura,IOCL,PSU,681.09,102.16
2024-01-01,FY 2023-24,REF05,IOCL Haldia,IOCL,PSU,618.57,98.97
2024-01-01,FY 2023-24,REF06,IOCL Barauni,IOCL,PSU,540.7,108.14
2024-01-01,FY 2023-24,REF07,IOCL Bongaigaon,IOCL,PSU,197.9,101.05
2024-01-01,FY 2023-24,REF08,IOCL Guwahati,IOCL,PSU,93.95,112.74
2024-01-01,FY 2023-24,REF09,IOCL Digboi,IOCL,PSU,52.38,96.71
2024-01-01,FY 2023-24,REF10,BPCL Kochi,BPCL,PSU,1335.59,103.4
2024-01-01,FY 2023-24,REF11,BPCL Mumbai,BPCL,PSU,1048.32,104.83
2024-01-01,FY 2023-24,REF12,HPCL Mumbai,HPCL,PSU,766.14,96.78
2024-01-01,FY 2023-24,REF13,HPCL Visakhapatnam,HPCL,PSU,916.41,99.97
2024-01-01,FY 2023-24,REF14,CPCL Manali (Chennai),CPCL (IOCL),PSU,834.83,95.41
2024-01-01,FY 2023-24,REF15,MRPL Mangalore,MRPL (ONGC),PSU,1322.63,105.81
2024-01-01,FY 2023-24,REF16,NRL Numaligarh,NRL (OIL),PSU,251.48,100.59
2024-01-01,FY 2023-24,REF17,HMEL Bathinda (GGSR),HMEL (HPCL-Mittal),JV,955.53,101.47
2024-01-01,FY 2023-24,REF18,BORL Bina,BPCL (BORL),PSU,681.77,104.89
2024-01-01,FY 2023-24,REF19,Reliance Jamnagar (DTA),Reliance Industries,Private,2968.9,107.96
2024-01-01,FY 2023-24,REF20,Reliance Jamnagar (SEZ Export),Reliance Industries,Private,3240.1,110.46
2024-01-01,FY 2023-24,REF21,Nayara Energy (Vadinar),Nayara Energy,Private,1821.19,109.27
2024-02-01,FY 2023-24,REF01,IOCL Panipat,IOCL,PSU,1214.21,97.14
2024-02-01,FY 2023-24,REF02,IOCL Koyali (Gujarat),IOCL,PSU,1128.49,98.85
2024-02-01,FY 2023-24,REF03,IOCL Paradip,IOCL,PSU,1221.62,97.73
2024-02-01,FY 2023-24,REF04,IOCL Mathura,IOCL,PSU,643.1,96.46
2024-02-01,FY 2023-24,REF05,IOCL Haldia,IOCL,PSU,590.57,94.49
2024-02-01,FY 2023-24,REF06,IOCL Barauni,IOCL,PSU,545.45,109.09
2024-02-01,FY 2023-24,REF07,IOCL Bongaigaon,IOCL,PSU,199.93,102.09
2024-02-01,FY 2023-24,REF08,IOCL Guwahati,IOCL,PSU,85.56,102.67
2024-02-01,FY 2023-24,REF09,IOCL Digboi,IOCL,PSU,57.07,105.37
2024-02-01,FY 2023-24,REF10,BPCL Kochi,BPCL,PSU,1276.27,98.81
2024-02-01,FY 2023-24,REF11,BPCL Mumbai,BPCL,PSU,956.57,95.66
2024-02-01,FY 2023-24,REF12,HPCL Mumbai,HPCL,PSU,822.51,103.9
2024-02-01,FY 2023-24,REF13,HPCL Visakhapatnam,HPCL,PSU,881.84,96.2
2024-02-01,FY 2023-24,REF14,CPCL Manali (Chennai),CPCL (IOCL),PSU,908.21,103.8
2024-02-01,FY 2023-24,REF15,MRPL Mangalore,MRPL (ONGC),PSU,1188.98,95.12
2024-02-01,FY 2023-24,REF16,NRL Numaligarh,NRL (OIL),PSU,239.87,95.95
2024-02-01,FY 2023-24,REF17,HMEL Bathinda (GGSR),HMEL (HPCL-Mittal),JV,961.22,102.08
2024-02-01,FY 2023-24,REF18,BORL Bina,BPCL (BORL),PSU,673.64,103.64
2024-02-01,FY 2023-24,REF19,Reliance Jamnagar (DTA),Reliance Industries,Private,3103.55,112.86
2024-02-01,FY 2023-24,REF20,Reliance Jamnagar (SEZ Export),Reliance Industries,Private,3204.59,109.25
2024-02-01,FY 2023-24,REF21,Nayara Energy (Vadinar),Nayara Energy,Private,1769.74,106.18
2024-03-01,FY 2023-24,REF01,IOCL Panipat,IOCL,PSU,1308.02,104.64
2024-03-01,FY 2023-24,REF02,IOCL Koyali (Gujarat),IOCL,PSU,1084.76,95.02
2024-03-01,FY 2023-24,REF03,IOCL Paradip,IOCL,PSU,1216.59,97.33
2024-03-01,FY 2023-24,REF04,IOCL Mathura,IOCL,PSU,675.46,101.32
2024-03-01,FY 2023-24,REF05,IOCL Haldia,IOCL,PSU,650.22,104.04
2024-03-01,FY 2023-24,REF06,IOCL Barauni,IOCL,PSU,500.83,100.17
2024-03-01,FY 2023-24,REF07,IOCL Bongaigaon,IOCL,PSU,195.34,99.75
2024-03-01,FY 2023-24,REF08,IOCL Guwahati,IOCL,PSU,83.31,99.97
2024-03-01,FY 2023-24,REF09,IOCL Digboi,IOCL,PSU,57.05,105.33
2024-03-01,FY 2023-24,REF10,BPCL Kochi,BPCL,PSU,1265.37,97.96
2024-03-01,FY 2023-24,REF11,BPCL Mumbai,BPCL,PSU,970.85,97.09
2024-03-01,FY 2023-24,REF12,HPCL Mumbai,HPCL,PSU,790.96,99.91
2024-03-01,FY 2023-24,REF13,HPCL Visakhapatnam,HPCL,PSU,971.07,105.93
2024-03-01,FY 2023-24,REF14,CPCL Manali (Chennai),CPCL (IOCL),PSU,860.77,98.37
2024-03-01,FY 2023-24,REF15,MRPL Mangalore,MRPL (ONGC),PSU,1249.48,99.96
2024-03-01,FY 2023-24,REF16,NRL Numaligarh,NRL (OIL),PSU,237.4,94.96
2024-03-01,FY 2023-24,REF17,HMEL Bathinda (GGSR),HMEL (HPCL-Mittal),JV,973.1,103.34
2024-03-01,FY 2023-24,REF18,BORL Bina,BPCL (BORL),PSU,662.31,101.89
2024-03-01,FY 2023-24,REF19,Reliance Jamnagar (DTA),Reliance Industries,Private,1866.24,67.86
2024-03-01,FY 2023-24,REF20,Reliance Jamnagar (SEZ Export),Reliance Industries,Private,3263.41,111.25
2024-03-01,FY 2023-24,REF21,Nayara Energy (Vadinar),Nayara Energy,Private,1810.52,108.63
